continent,used,longitude,no_result,alt_addr,found_country,address,timestamp,country_code,latitude,country_name
Europe,0,2.7015872,,,True,", Fontainebleau, 77186, Seine-et-Marne, Île-de-France, FRANCE",,FR,48.4049375,France
Europe,0,2.1548751,,,True,"Château, Saint-Germain-en-Laye, 78551, Yvelines, Île-de-France, FRANCE",,FR,48.9456381,France
Europe,0,4.031926,,,True,", Reims, 51454, Marne, Grand Est, FRANCE",,FR,49.2577886,France
Europe,0,-4.728605,,,True,", Valladolid, , Valladolid, Castille-et-León, ESPAGNE",,ES,41.6521807,España
Europe,0,2.320041,,,True,", Paris, 75056, Paris, Île-de-France, FRANCE",,FR,48.8588897,France
Europe,0,2.1266886,,,True,", Versailles, 78646, Yvelines, Île-de-France, FRANCE",,FR,48.8035403,France
Europe,0,2.3597605,,,True,"Basilique, Saint-Denis, 93066, Seine-Saint-Denis, Île-de-France, FRANCE",,FR,48.9354638,France
Europe,0,2.219344,,,True,", Saint-Cloud, 92064, Hauts-de-Seine, Île-de-France, FRANCE",,FR,48.8437412,France
Europe,0,-0.3925609,,,True,", Madrid, , Province de Madrid, Communauté de Madrid, ESPAGNE",,ES,39.4304252,España
Europe,0,2.2385432,,,True,", Meudon, 92048, Hauts-de-Seine, Île-de-France, FRANCE",,FR,48.8126688,France
Europe,0,-0.4646064,,,True,", Niort, 79191, Deux-Sèvres, Nouvelle-Aquitaine, FRANCE",,FR,46.3239233,France
Europe,0,2.0672138,,,True,", Saint-Cyr-l'École, 78545, Yvelines, Île-de-France, FRANCE",,FR,48.799708,France
Europe,0,12.743855,,,True,", Munich, 09162000, Haute-Bavière, Bavière, ALLEMAGNE",,DE,49.2653944,Germany
Europe,0,2.0965935,,,True,", Marly, 78372, Yvelines, Île-de-France, FRANCE",,FR,48.8681762,France
Europe,0,7.6824892,,,True,", Turin, 0012721, Turin, Piémont, ITALIE",,IT,45.0677551,Italia
Europe,0,17.0632874,,,True,", Trzebnica, , Powiat de Trzebnica, Voïvodie de Basse-Silésie, POLOGNE",,PL,51.3040435,Polska
Europe,0,13.7381437,,,True,", Dresde, 14612000, , Saxe, ALLEMAGNE",,DE,51.0493286,Germany
Europe,0,16.3774477,,,True,", Vienne, , Wien Stadt, Vienne, AUTRICHE",,AT,48.2104417,Österreich
Europe,0,-0.9141202,,,True,"Château, Pau, 64445, Pyrénées-Atlantiques, Nouvelle-Aquitaine, FRANCE",,FR,43.5175434,France
Europe,0,2.3474377,,,True,"Rue de la Ferronnerie, Paris, 75056, Paris, Île-de-France, FRANCE",,FR,48.8602777,France
Europe,0,1.4487381,,,True,", Chartres, , , Normandie,",,FR,48.4343626,France
Europe,0,11.2556404,,,True,", Florence, , Florence, Tuscany, Italy",,IT,43.7697955,Italy
Europe,0,6.8383559,,,True,", Cologne, 05315000, District de Cologne, Rhénanie-du-Nord-Westphalie, ALLEMAGNE",,DE,50.7866184,Germany
Europe,0,1.3306547,,,True,"Château, Blois, 41018, Loir-et-Cher, , FRANCE",,FR,47.5862598,France
Europe,0,2.3368747,,,True,"Palais du Louvre, Paris, 75056, Paris, Île-de-France, FRANCE",,FR,48.8614725,France
Europe,0,2.320041,,,True,"Château de Colombes, Paris, 75056, Paris, Île-de-France, FRANCE",,FR,48.8588897,France
Europe,0,-3.4616183,,,True,", Dunfermline, , Fife, Ecosse, ÉCOSSE",,GB,56.0713724,United Kingdom
Europe,0,-0.0919983,,,True,", Londres, , Grand Londres, Angleterre, ANGLETERRE",,GB,51.5156177,United Kingdom
Africa,0,10.1857757,,,True,", Tunis, , , Tūnis, Tunisia",,TN,36.8002068,Tunisia
Europe,0,-1.5502795,,,True,"Château, Nantes, 44109, , , FRANCE",,FR,47.2151434,France
Europe,0,6.0376277,,,True,", Courcelles, , , , FRANCE",,FR,48.3732096,France
Europe,0,4.377342,,,True,", Lyon, 69123, Rhône, Lyonnais, FRANCE",,FR,45.7177757,France
Europe,0,-2.4008374,,,True,"Carmes, Ploërmel, 56165, Morbihan, Bretagne, BRETAGNE",,FR,47.9336645,France
Europe,0,-2.2986272,,,True,"Abbaye Notre-Dame, Villeneuve, , Loire-Atlantique, Bretagne, BRETAGNE",,FR,47.4981892,France
Europe,0,-0.7323696,,,True,", Chemillé, , , ,",,FR,47.2300533,France
Europe,0,2.3500626,,,True,"Cathédrale Notre-Dame de Paris, Paris, 75056, Paris, Île-de-France, FRANCE",,FR,48.8529312,France
Europe,0,-2.5972985,,,True,", Bristol, , City of Bristol, Angleterre, ANGLETERRE",,GB,51.4538022,United Kingdom
Europe,0,0.8015892,,,True,", Rouen, 76540, Seine-Maritime, Normandie, ANGLETERRE",,FR,49.5527035,France
Europe,0,-2.8403204,,,True,"Église abbatiale, Saint-Gildas-de-Rhuys, 56214, Morbihan, Bretagne, BRETAGNE",,FR,47.5004209,France
Europe,0,-2.2540401,,,True,"Église du couvent des Cordeliers, Nantes, 44109, Loire-Atlantique, Bretagne, BRETAGNE",,FR,47.4975115,France
Europe,0,-2.8134733,,,True,"Abbaye Notre-Dame, Abbaye de Begar, 22004, Côtes-d'Armor, Bretagne, BRETAGNE",,FR,48.4914847,France
Europe,0,-0.2820551,,,True,"Abbaye, Sawtry, , , Huntingdonshire, ANGLETERRE",,GB,52.4380671,United Kingdom
Europe,0,-1.5751084,,,True,"Abbaye Saint-Sulpice, Rennes, 35238, Ille-et-Vilaine, Bretagne, FRANCE",,FR,48.2191639,France
Europe,0,0.0524624,,,True,"Abbaye, Fontevraud, 49140, Maine-et-Loire, Pays de la Loire, FRANCE",,FR,47.1804969,France
Europe,0,-4.0916875,,,True,"Chaeau, Chateaulin, 29026, Finistère, Bretagne, BRETAGNE",,FR,48.1968026,France
Europe,0,-2.083804,,,True,"Abbaye Saint-Sauveur, Redon, 35236, Ille-et-Vilaine, Bretagne, FRANCE",,FR,47.6501436,France
Europe,0,-0.5515588,,,True,", Angers, 49007, Maine-et-Loire, Pays de la Loire, FRANCE",,FR,47.4739884,France
Asia,0,35.2257856,,,True,", Jérusalem, , , Jerusalem, Israel",,IL,31.7788472,Israel
Europe,0,-2.2540401,,,True,", Nantes, 44109, Loire-Atlantique, Bretagne, BRETAGNE",,FR,47.4975115,France
Europe,0,-4.1024782,,,True,"Abbaye Locmaria, Quimper, 29232, Finistère, Bretagne, BRETAGNE",,FR,47.9960325,France
Europe,0,-3.5452625,,,True,"Abbaye Sainte-Croix, Quimperlé, 29233, Finistère, Bretagne, BRETAGNE",,FR,47.8724885,France
Europe,0,-4.1580155,,,True,", La Martyre, 29144, Finistère, Bretagne, BRETAGNE",,FR,48.4483714,France
Europe,0,-2.1003629,,,True,"Monastère, Plélan-le-Grand, 35223, Ille-et-Vilaine, Bretagne, FRANCE",,FR,48.0023864,France
Europe,0,-3.5711477,,,True,", Carhaix, 29024, Finistère, Bretagne, BRETAGNE",,FR,48.2764997,France
Europe,0,1.0662256,,,True,", Vendôme, 41269, Loir-et-Cher, Centre, FRANCE",,FR,47.7934453,France
Europe,0,-1.9269063,,,True,", Talensac, 35331, Ille-et-Vilaine, Bretagne, BRETAGNE",,FR,48.1092798,France
Europe,0,1.1646335,,,True,", Louviers, 27375, Eure, Normandie, FRANCE",,FR,49.2157245,France
Europe,0,-1.1137055,,,True,", Saint-Lô, 50502, Manche, Normandie, BRETAGNE",,FR,49.1009382,France
Europe,0,-0.5800364,,,True,", Bordeaux, 33063, Gironde, Nouvelle-Aquitaine, FRANCE",,FR,44.841225,France
Europe,0,-1.6636947,,,True,", Saint-Jean-de-Luz, 64483, Pyrénées-Atlantiques, Nouvelle-Aquitaine, FRANCE",,FR,43.387219,France
Europe,0,4.3628851,,,True,", Châlons, 51108, Marne, Grand Est, FRANCE",,FR,48.9566218,France
Europe,0,-1.6800198,,,True,"Chapelle des Jacobins, Rennes, 35238, Ille-et-Vilaine, Bretagne, FRANCE",,FR,48.1113387,France
Europe,0,0.40622,,,True,"Château, Langeais, 37123, Indre et Loire, Centre-Val de Loire, FRANCE",,FR,47.3246763,France
Europe,0,1.7857219,,,True,", Ormeteau-Ferré, , , , FRANCE",,FR,49.2840887,France
Europe,0,1.4487381,,,True,", Chartres, , , Normandie, ",,FR,48.4343626,France
Europe,0,-0.7323696,,,True,", Chemillé, , , , ",,FR,47.2300533,France
Europe,0,-1.6734505,,,True,"Abbaye Saint-Georges, Rennes, 35238, Ille-et-Vilaine, Bretagne, FRANCE",,FR,48.1117766,France
,0,,True,,True,", Heidelberg, 08221000, District de Karlsruhe, Baden-Württemberg, ALLEMAGNE",1767475121.188556,,,
,0,,True,,True,", Metz, 57463, Mozelle, Grand Est, FRANCE",1767475121.194779,,,
