alt_addr,latitude,found_country,country_name,address,used,longitude,no_result,timestamp,country_code,continent
,38.1859162,True,,"Wakefield, Popes Creek, Westmoreland, Virginia",0,-76.9161654,,,NONE,
,38.710179,True,,"Mount Vernon, Fairfax, Virginia",0,-77.0888199,,,NONE,
,38.1153203,True,,"Bridge's Creek, Westmoreland, Virginia",0,-76.7567355,,,NONE,
,38.2786312,True,,"Ferry Farm, King George, Virginia",0,-77.175356,,,NONE,
,37.7913044,True,,"Of, Epping Forest, Lancaster, Virginia",0,-76.5258553,,,NONE,
,38.1720754,True,,"Wakefield, Westmoreland, Virginia",0,-76.9491371,,,NONE,
,38.4733823,True,,"""Western View"", Culpeper, Virginia",0,-77.9961275,,,NONE,
,38.1880936,True,,"Offredericksburg, Spotsylvania, VA",0,-77.6741751,,,NONE,
,54.5474199,True,England,"""Whitehaven"", England",0,-3.5885335,,,GB,Europe
,54.4957033,True,,"Whitehaven, Cumberland, VA",0,-3.5930267,,,NONE,
,38.2786312,True,,"Bridges Creek, King George, VA",0,-77.175356,,,NONE,
,41.903411,True,,", , VA",0,12.4528527,,,NONE,
,37.7625738,True,,"Millenkick, Lancaster, Virginia",0,-76.4723233,,,NONE,
,37.7625738,True,,"Oakley, Lancaster, Virginia",0,-76.4723233,,,NONE,
,38.2786312,True,,", King George, Virginia",0,-77.175356,,,NONE,
,38.4167265,True,,", , Stafford, Virginia",0,-77.4579783,,,NONE,
,41.903411,True,,VA,0,12.4528527,,,NONE,
,37.7665507,True,,"""Bewdley"", Lancaster Co, VA",0,-76.570956,,,NONE,
,52.1057594,True,England,"Sulgrave Manor, England",0,-1.1833205,,,GB,Europe
,38.4167265,True,,", Stafford Co., Va.",0,-77.4579783,,,NONE,
,29.7124309,True,,", St Mary, Maryland",0,-91.46261,,,NONE,
,38.1153203,True,,"Lower Machodc, Westmoreland Co., Vi.",0,-76.7567355,,,NONE,
,38.1779105,True,,"Wash.Hm.Stead, Nr.Popes Creek, Westmoreland Co., Vi.",0,-76.9346553,,,NONE,
,37.1118778,True,,", Surry Co, VA",0,-76.895924,,,NONE,
,38.1153203,True,,", Westmoreland, VA",0,-76.7567355,,,NONE,
,,True,,Will Proved,0,,True,1767129221.0303178,,
,38.2971472,True,,", Of Glouster, VA",0,-77.5320322,,,NONE,
,37.3396678,True,,"Warner Hall, Gloucester Co, VA",0,-76.4746982,,,NONE,
,37.5004191,True,,", Cumberland, VA",0,-78.2469202,,,NONE,
,37.7625738,True,,"Lancaster Co., VA.",0,-76.4723233,,,NONE,
,37.4452288,True,,"Gloucester Co., VA.",0,-76.5594479,,,NONE,
,37.4452288,True,,"Gloucester, VA.",0,-76.5594479,,,NONE,
,,True,,Chesake,0,,True,1767128869.5497394,,
,51.324162,True,England,", , Wiltshire, England",0,-1.9032487,,,GB,Europe
,37.6698613,True,,"Millenbeck, Lancaster Co., Virginia",0,-76.4885612,,,NONE,
,37.6698613,True,,"Millenbeck, Lancaster, VA",0,-76.4885612,,,NONE,
,51.5156177,True,England,"London, London, England",0,-0.0919983,,,GB,Europe
,52.5310214,True,England,", , England",0,-1.2649062,,,GB,Europe
,37.5385087,True,,", Richmond, Virginia",0,-77.43428,,,NONE,
,40.9985238,True,,Infant,0,0.8493534,,,NONE,
,37.1232245,True,,", , Virginia",0,-78.4927721,,,NONE,
,36.7670938,True,,", Nansemond, VA",0,-76.5307823,,,NONE,
,52.2434979,True,Netherlands,", , , Holland",0,5.6343227,,,NL,Europe
,37.6048617,True,,"Christchurch, Middlesex, VA.",0,-76.5343958,,,NONE,
,37.6221412,True,,", Middlesex, VA",0,-76.5904374,,,NONE,
,37.6221412,True,,", Middlesex, Virginia",0,-76.5904374,,,NONE,
,37.1232245,True,,", Middlesex Cnty, Virginia",0,-78.4927721,,,NONE,
,38.2786312,True,,", King George Co., VA",0,-77.175356,,,NONE,
,37.9140592,True,,", Essex, VA",0,-76.9326385,,,NONE,
,52.1061958,True,England,"Sulgrave, Northamptonshire, England",0,-1.1915121,,,GB,Europe
,51.731198,True,England,"Maldon, Essex, , England",0,0.6791849,,,GB,Europe
,52.2343297,True,England,"Little Creston, Northampton, England",0,-0.9028043,,,GB,Europe
,52.0553813,True,England,"Tring, Hereford, England",0,-2.7151735,,,GB,Europe
,52.3228736,True,England,"Spratton, Northamptonshire, England",0,-0.9477577,,,GB,Europe
,52.5310214,True,England,"Twing Hert, , , England",0,-1.2649062,,,GB,Europe
,52.5310214,True,England,England,0,-1.2649062,,,GB,Europe
,51.7940357,True,,"Tring, Herts",0,-0.6609205,,,NONE,
,37.1232245,True,,Virginia,0,-78.4927721,,,NONE,
,38.1153203,True,,"The Cliffs, Westmoreland, VA",0,-76.7567355,,,NONE,
,51.9610563,True,England,", Of Gloucester, England",0,-2.301999,,,GB,Europe
,51.8527674,True,,"Bristol, Gloucestershire, Eng",0,-2.2553694,,,NONE,
,51.4538022,True,England,"Briston, , , England",0,-2.5972985,,,GB,Europe
,38.412926,True,,", St. Marys Co., MD",0,-76.6077923,,,NONE,
,38.1153203,True,,", Westmoreland Co., VA",0,-76.7567355,,,NONE,
,39.5162401,True,,"St. Mary'S Par., Maryland",0,-76.9382069,,,NONE,
,38.206621,True,,", St Mary'S, MD",0,-76.5389973,,,NONE,
,52.5310214,True,,Eng,0,-1.2649062,,,NONE,
,52.5310214,True,England,"Norfolkshire, England",0,-1.2649062,,,GB,Europe
,53.8633908,True,England,"Stone Edge, Lancashire, England",0,-2.2075841,,,GB,Europe
,37.3396678,True,,"Warner Hall, Gloucester, Virginia",0,-76.4746982,,,NONE,
,37.5594972,True,,"Of, Gloucester, VA",0,-76.5679782,,,NONE,
,51.3181076,True,England,"Linkenholt Manor, Hampshire, England",0,-1.4889138,,,GB,Europe
,37.2356655,True,,"Yorktown, York, VA.",0,-76.5136495,,,NONE,
,41.903411,True,,"Of Elizabeth City Co., VA",0,12.4528527,,,NONE,
,,True,,Will Processed,0,,True,1767129114.8385327,,
,40.8672004,True,,"Of York Co., VA",0,-73.9055107,,,NONE,
,37.2230374,True,,"York Co, , VA",0,-76.5156945,,,NONE,
,41.2976052,True,,"New Haven, New Haven, CT",0,-72.9265437,,,NONE,
,51.324162,True,,"Wiltshire, , Eng",0,-1.9032487,,,NONE,
,42.3652576,True,,"Watertown, , Ma?",0,-71.1843234,,,NONE,
,51.449247,True,England,"Wilshire, England",0,-2.5089459,,,GB,Europe
,42.8418855,True,,"Salisbury, Massachusetts",0,-70.8602328,,,NONE,
,41.317081,True,,"New Haven, New Haven Co., Connecticut",0,-72.9401956,,,NONE,
,37.7625738,True,,", Lancaster, Virginia",0,-76.4723233,,,NONE,
,41.3082138,True,,"New Haven, Connecticut",0,-72.9250518,,,NONE,
,42.1018764,True,,"Springfield, , Massachusetts",0,-72.5886727,,,NONE,
,42.1018764,True,,"Springfield, Hampden, MA",0,-72.5886727,,,NONE,
,51.4910492,True,,"Boveney, , , Eng",0,-0.6507385,,,NONE,
,37.7625738,True,,"Lancaster, VA",0,-76.4723233,,,NONE,
,37.6221412,True,,"Middlesex County, VA",0,-76.5904374,,,NONE,
,52.2451778,True,,"Sulgrave, Northampton, Eng",0,-0.9182112,,,NONE,
,52.2683065,True,England,"Brington, Northamptonshire, England",0,-1.036296,,,GB,Europe
,52.3106138,True,England,"Greatbrighton Ch, Brington, Northants, England",0,-0.865913,,,GB,Europe
,51.2715316,True,,"Tighes, Surrey, Eng",0,-0.3414524,,,NONE,
,52.3060134,True,,", East Haddon",0,-1.0199183,,,NONE,
,52.3106138,True,,"Thrapston, Northants, Eng",0,-0.865913,,,NONE,
,52.5100779,True,,"Packington, Leics, Eng",0,-0.9501074,,,NONE,
,52.3106138,True,,"Brington, Northants, Eng",0,-0.865913,,,NONE,
,52.3106138,True,,"Althrop, Northants, Eng",0,-0.865913,,,NONE,
,40.416782,True,Spain,"Madrid, Spain",0,-3.703507,,,ES,Europe
,52.2791465,True,,Great Brington,0,-1.0251429,,,NONE,
,52.1790224,True,,"Wormleighton, Warwickshire",0,-1.3451912,,,NONE,
,52.5310214,True,,"Wormleighton, Warws, Eng",0,-1.2649062,,,NONE,
,52.3106138,True,England,"Of, Little Creston, Northants, England",0,-0.865913,,,GB,Europe
,52.3106138,True,England,"Of, Great Creaton, Northants, England",0,-0.865913,,,GB,Europe
,51.3198054,True,,Linkenholt Eng.,0,-1.4762773,,,NONE,
,53.5948684,True,England,"Of, , Yorkshire, England",0,-1.3788695,,,GB,Europe
,37.2356655,True,USA,"Yorktown, Va, U.S.A.",0,-76.5136495,,,US,North America
,37.2356655,True,,"Yorktown, VA",0,-76.5136495,,,NONE,
,52.5310214,True,,", , , Eng",0,-1.2649062,,,NONE,
,36.8639003,True,,"Elizabeth City, VA",0,-76.3079924,,,NONE,
,37.2230374,True,,", York, VA",0,-76.5156945,,,NONE,
,41.903411,True,,", Elizabethcity, VA",0,12.4528527,,,NONE,
,41.903411,True,,"Norfolk, Elizabethcity, VA",0,12.4528527,,,NONE,
,52.5310214,True,England,"Wokingham, Berkshsire, England",0,-1.2649062,,,GB,Europe
,51.4534889,True,England,"Ruscombe, Comitatis, Berkshire, England",0,-1.031873,,,GB,Europe
,52.5310214,True,,"Ruscambe, , Eng",0,-1.2649062,,,NONE,
,51.0648886,True,England,"Of, Wiltshire, England",0,-1.7948028,,,GB,Europe
,51.5362073,True,,"Boveny Parish, Burnham, Buckingham, Eng",0,-0.6571411,,,NONE,
,51.5692833,True,,"Parish Burnham, Buckingham, Eng",0,-0.6529766,,,NONE,
,51.5356133,True,,"Of Burnham, Buckingham, Eng",0,-0.6589748,,,NONE,
,51.7834994,True,England,"Burnham, Bucks, England",0,-0.8946441,,,GB,Europe
,51.7834994,True,England,"Burnham, Boveney, Bucks, England",0,-0.8946441,,,GB,Europe
,42.3423259,True,,"Hadley, Hampshire, MA",0,-72.5891221,,,NONE,
,52.1061958,True,,"South Isle Of Church, Sulgrave",0,-1.1915121,,,NONE,
,52.4843685,True,England,"Sulgrave, Northampton, S.Isle Of Church, England",0,-2.1299677,,,GB,Europe
,52.3213064,True,England,"Of Radway, Warwickshire, England",0,-1.5536906,,,GB,Europe
,53.8378282,True,,"Of Whitefield, Lancs., Eng.",0,-2.2105512,,,NONE,
,52.3106138,True,,"Sulgrave, Northants, Eng",0,-0.865913,,,NONE,
,,True,,Will Dated,0,,True,1767129503.0467088,,
,51.0055129,True,England,"Tyes Hall, Cuckfield, Sussex, England",0,-0.1393153,,,GB,Europe
,54.0488219,True,England,"Palstarr, , Lancaster, England",0,-2.8013499,,,GB,Europe
,51.8400523,True,England,"Of, Faccombe, Hertfordshire, England",0,-0.0978552,,,GB,Europe
,,True,,", Linkenwilt",0,,True,1767129611.4609504,,
,41.6722912,True,,"Of, , Kent",0,-71.602762,,,NONE,
,52.5310214,True,,"Kent Manor, Linkenholt, Southhamptonshir, Eng.",0,-1.2649062,,,NONE,
,51.3171692,True,England,", Faccombe, , England",0,-1.4425384,,,GB,Europe
,51.4514323,True,,"Haines Hillhurst, Parish, Berkshire",0,-0.9881486,,,NONE,
,53.1780161,True,England,"Scrivelsby, Lincolnshire, England",0,-0.1023101,,,GB,Europe
,51.7834994,True,,"Boveney, , Bucks., Eng",0,-0.8946441,,,NONE,
,51.4312752,True,,"Binfield, , Berks., Eng",0,-0.7732314,,,NONE,
,51.4312752,True,,"Binfield, Berkshire, Eng",0,-0.7732314,,,NONE,
,51.7834994,True,England,"Boveney, Bucks, England",0,-0.8946441,,,GB,Europe
,51.5185174,True,,"Of Burnham, , Eng",0,-0.6263098,,,NONE,
,53.8611712,True,England,"Tewhitefield, Lancashire, England",0,-2.5650945,,,GB,Europe
,52.5310214,True,,"Sulgrave Manor, Northamps, Eng",0,-1.2649062,,,NONE,
,52.2451778,True,England,"Sulgrave Manor, Sulgrave, Northampton, England",0,-0.9182112,,,GB,Europe
,52.3106138,True,,"Gretworth, Northamptonshire, Eng",0,-0.865913,,,NONE,
,52.2451778,True,England,"Of, Sulgrave, Northampton, England",0,-0.9182112,,,GB,Europe
,51.5460558,True,England,"Greys Inn, Middlesex, England",0,-0.2537791,,,GB,Europe
,51.5190382,True,,"Grays Inn London, , Eng",0,-0.1114304,,,NONE,
,52.07588,True,,"Radway, Grange, Oxfordshire, Eng",0,-1.3685633,,,NONE,
,52.5310214,True,,"Of Radway, Warricks, Eng",0,-1.2649062,,,NONE,
,50.9125822,True,England,"Of, Wallop, Hants, England",0,-1.3975608,,,GB,Europe
,53.0284973,True,England,"Kyme, Lincolnshire, England",0,-0.2511855,,,GB,Europe
,54.4498241,True,England,", Ingleby Greenhow, Yorkshire, England",0,-1.1050234,,,GB,Europe
,53.1823034,True,England,"Of Scrivelsby, Lindssay, Lincolnshire, England",0,-0.2031209,,,GB,Europe
,51.4910492,True,England,"Boveney Buckinghamshire, England",0,-0.6507385,,,GB,Europe
,51.4534889,True,,"Wardville, Berkshire, Eng",0,-1.031873,,,NONE,
,52.5310214,True,England,"Of Boveney, Bckngh, England",0,-1.2649062,,,GB,Europe
,51.7834994,True,England,"Dorney, Bucks, England",0,-0.8946441,,,GB,Europe
,51.4534889,True,,"Of Aberfelde, Berks, Eng",0,-1.031873,,,NONE,
,51.3963375,True,,"Arborfield, Berks, Eng",0,-0.9054306,,,NONE,
,51.4658779,True,England,"Binfield, Berks, England",0,-0.7748399,,,GB,Europe
,51.7834994,True,,"Of Dorney, Bucks, Eng",0,-0.8946441,,,NONE,
,53.6037703,True,England,", Wharton, Lancashire, England",0,-2.9343637,,,GB,Europe
,52.5310214,True,,"Greatworth, Northamps, Eng",0,-1.2649062,,,NONE,
,52.0770068,True,,"St. Katherine'S, Aisle, Greatworth, Church",0,-1.1959081,,,NONE,
,52.5310214,True,,"Charwelton, Northamps, Eng",0,-1.2649062,,,NONE,
,52.2814519,True,,"Shattiswell, Warwick, Eng",0,-1.5815742,,,NONE,
,51.7520131,True,,"Horley, Oxford, , Eng",0,-1.2578499,,,NONE,
,52.1363333,True,,"Pillerton, Warwick, , Eng",0,-1.5625084,,,NONE,
,52.2814519,True,,"Horley, Warwick, , Eng",0,-1.5815742,,,NONE,
,51.5161738,True,England,"Of, London, Middlesex, England",0,-0.0761823,,,GB,Europe
,53.9656579,True,England,"Of, Gawthorpe, York, England",0,-1.0743052,,,GB,Europe
,51.556681,True,,"Buckingham, Berkshire, Eng",0,-0.7229044,,,NONE,
,52.5310214,True,,", , Eng",0,-1.2649062,,,NONE,
,51.4534889,True,England,"Of, Wardville, Berkshire, England",0,-1.031873,,,GB,Europe
,51.42488,True,,"Of Binfield, Berks, Eng",0,-0.7831119,,,NONE,
,50.9125822,True,,"Basingstoke, Hants, Eng",0,-1.3975608,,,NONE,
,51.3963375,True,England,"Arborfield, Berkshire, England",0,-0.9054306,,,GB,Europe
,54.1418786,True,,"Warton, Lancs, Eng",0,-2.8123655,,,NONE,
,54.153376,True,England,"Of, Warton, Lancashire, England",0,-2.755655,,,GB,Europe
,52.2860353,True,England,"Hengrave, Suffolk, England",0,0.6727342,,,GB,Europe
,53.7598705,True,England,"Of, Fryston, York, England",0,-1.2337599,,,GB,Europe
,51.5069253,True,,"Bray, Berks, Eng",0,-0.7110987,,,NONE,
,52.1096993,True,England,"Aberfeldy, Pershore, England",0,-2.0754758,,,GB,Europe
,51.4356541,True,England,"Of, Basingstoke, Berkshire, England",0,-0.9682938,,,GB,Europe
,51.2911904,True,England,"Of, Itchell, Hampshire, England",0,-0.847955,,,GB,Europe
,50.9125822,True,,"Sidmanton, Hants, Eng",0,-1.3975608,,,NONE,
,53.8611743,True,,"Warton Lonesdale, Lancs, Eng",0,-2.547115,,,NONE,
,53.350703,True,England,"Of, Oversley, , England",0,-2.2665186,,,GB,Europe
,,True,,"Of, Wornsley",0,,True,1767130261.4941883,,
,53.8984388,True,England,"Of, Newton Kyme, , England",0,-1.2952849,,,GB,Europe
,53.6000851,True,England,"Of, Burghwallis, , England",0,-1.187771,,,GB,Europe
,53.9810347,True,England,"Of, Gowthorpe, Yorkshire, England",0,-0.837235,,,GB,Europe
,53.9825271,True,England,", Leckonfield, Yorkshire, England",0,-1.38525,,,GB,Europe
,53.9825271,True,England,"Battle Of, Towtown, Yorkshire, England",0,-1.38525,,,GB,Europe
,53.956714,True,England,"St Denys Church, York, Yorkshire, England",0,-1.0762586,,,GB,Europe
,51.5460558,True,England,"St Margaret, Westminster, Middlesex, England",0,-0.2537791,,,GB,Europe
,53.8834471,True,England,"Of, Leconfield, Yorkshire, England",0,-0.4435804,,,GB,Europe
,54.1781348,True,England,"Manor, Cocks Lodge Near, Topcliffe, Yorkshire, England",0,-1.3871054,,,GB,Europe
,49.0709373,True,,(40-1489),0,14.9071748,,,NONE,
,53.9825271,True,England,"Beverly Minister, Beverly, Yorkshire, England",0,-1.38525,,,GB,Europe
,54.303133,True,England,", Wensley, Yorkshire, England",0,-1.8594198,,,GB,Europe
,52.5051933,True,England,"Of, England",0,-2.0159865,,,GB,Europe
,51.4534889,True,,"Of Barkham, Berks, Eng",0,-1.031873,,,NONE,
,51.3968471,True,England,"Of, Newbury, Berkshire, England",0,-1.3249375,,,GB,Europe
,54.0689002,True,England,"Of, Aldwark, Yorkshire, England",0,-1.28041,,,GB,Europe
,53.9825271,True,England,"Of, Monston, Yorkshire, England",0,-1.38525,,,GB,Europe
,53.9825271,True,England,"Chapel, Haselwood, Yorkshire, England",0,-1.38525,,,GB,Europe
,52.2112318,True,England,"Of, Oversley, Warwickshire, England",0,-1.8631335,,,GB,Europe
,49.9795824,True,,Spm,0,6.6996207,,,NONE,
,55.4133398,True,England,", Alnwick, Northumberland, England",0,-1.7072354,,,GB,Europe
,51.3934788,True,England,"Battle Of, St Albans, Kent, England",0,0.190539,,,GB,Europe
,51.3934788,True,England,"Abbey Church, St Albans, Kent, England",0,0.190539,,,GB,Europe
,54.5910607,True,England,"Of, Raby, Durham, England",0,-1.8017245,,,GB,Europe
,53.9825271,True,England,"Of, Warkworth, Yorkshire, England",0,-1.38525,,,GB,Europe
,52.5310214,True,England,"Whitbye, , , England",0,-1.2649062,,,GB,Europe
,51.4104104,True,England,"Infant, , , England",0,-0.8275279,,,GB,Europe
,52.5310214,True,England,"Sp Prob Infant, , , England",0,-1.2649062,,,GB,Europe
,52.2343297,True,England,"Battle Of, Northampton, Northamptonshire, England",0,-0.9028043,,,GB,Europe
,55.4655667,True,England,", Hedgeley Moor, Northumberland, England",0,-1.9070774,,,GB,Europe
,53.9825271,True,England,", , Yorkshire, England",0,-1.38525,,,GB,Europe
,47.9278966,True,France,"Vp, Orleans, , France",0,1.9180413,,,FR,Europe
,51.6436366,True,England,"Of, Beverston, Gloucestershire, England",0,-2.206981,,,GB,Europe
,50.8545384,True,England,", Arundel, Sussex, England",0,-0.5648163,,,GB,Europe
,51.7643786,True,England,"Of, Cubberley, Gloucestershire, England",0,-2.1880662,,,GB,Europe
,51.5040063,True,England,"Of, Newbury, Gloucestershire, England",0,-2.4920541,,,GB,Europe
,51.324162,True,England,", Ludgarshall, Wiltshire, England",0,-1.9032487,,,GB,Europe
,,True,,Of Tewitfield,0,,True,1767130600.6453187,,
,53.9010438,True,England,"Of, Harewood, Yorkshire, England",0,-1.5111773,,,GB,Europe
,53.7943276,True,England,"Of, Micklefield, Yorkshire, England",0,-1.3293873,,,GB,Europe
,52.707755,True,England,", Shrewsbury, Shropshire, England",0,-2.7540658,,,GB,Europe
,51.4818832,True,England,", Usk, Monmouthshire, England",0,-2.7686972,,,GB,Europe
,54.5937943,True,England,"Of Castle Raby, Raby With Keverstone, Durham, England",0,-1.8190963,,,GB,Europe
,36.0032435,True,,(61-1425),0,-105.9552006,,,NONE,
,47.4230544,True,France,"Chateau De Beaufort, Meuse-et-Loire, France",0,0.8905783,,,FR,Europe
,53.7473189,True,England,", Howden, Yorkshire, England",0,-0.8622549,,,GB,Europe
,53.2293545,True,England,"Lincoln Catheral, Lincoln, Lincolnshire, England",0,-0.5404819,,,GB,Europe
,53.6829541,True,England,", Wakefield, Yorkshire, England",0,-1.4967286,,,GB,Europe
,,True,,Died Young,0,,True,1767130745.1404006,,
,53.6835789,True,England,"Of, , Westmorland, England",0,-1.4968547,,,GB,Europe
,44.238366,True,,Sp,0,9.6912326,,,NONE,
,51.7704679,True,England,", Pleshy, Essex, England",0,0.4646698,,,GB,Europe
,42.1253838,True,,(31 Dec 1469),0,-71.5377934,,,NONE,
,54.5910607,True,England,", Raby, Durham, England",0,-1.8017245,,,GB,Europe
,51.7607271,True,England,", Berkhamsted, Hertfordshire, England",0,-0.5652554,,,GB,Europe
,52.5310214,True,England,", Fotheringhay, Northhamptonshire, England",0,-1.2649062,,,GB,Europe
,54.5800156,True,England,"Of Raby With Keverstone, Staindrop, Durham, England",0,-1.8068071,,,GB,Europe
,50.9026432,True,England,"Okeford, Fitzpaine, Dorset, England",0,-2.2726175,,,GB,Europe
,47.9027336,True,,Orleans,0,1.9086066,,,NONE,
,51.8690821,True,England,"Wotton, Gloucestershire, England",0,-2.2304022,,,GB,Europe
,52.5310214,True,England,"Beverstone, Gloucs., , England",0,-1.2649062,,,GB,Europe
,52.5013588,True,England,"St. James Priory, Dudley, Staffordshire, England",0,-2.1899697,,,GB,Europe
,50.9025349,True,England,"Of, Itchell, Southampton, England",0,-1.404189,,,GB,Europe
,51.2889702,True,England,"Of Basing, Hampshire, England",0,-1.0447215,,,GB,Europe
,50.9093898,True,England,"Of Hinton-St. George, Somersetshire, England",0,-2.8282672,,,GB,Europe
,,True,,(88-1571/1572),0,,True,1767130817.7935743,,
,51.2712823,True,,"Basing, Hampshire, Eng",0,-1.046029,,,NONE,
,51.0449814,True,England,"Of, Crandal, Hampshire, England",0,-1.2433133,,,GB,Europe
,51.0449814,True,,"Of Herriard, Hampshire, Eng.",0,-1.2433133,,,NONE,
,47.8421665,True,,(40-1467),0,18.2481705,,,NONE,
,51.4333419,True,England,"Of, Littlecote, Wiltshire, England",0,-1.5694908,,,GB,Europe
,51.9528346,True,England,", Deerhurst, Gloucestershire, England",0,-2.186237,,,GB,Europe
,,True,,(30-1492/1493),0,,True,1767132230.6559973,,
,-33.4596678,True,,Unmarried,0,149.5481193,,,NONE,
,51.520415,True,,Gray's Inn,0,-0.1138437,,,NONE,
,52.2434979,True,Netherlands,Holland,0,5.6343227,,,NL,Europe
,37.6221412,True,,", Middlesex Co, VA",0,-76.5904374,,,NONE,
,52.7184506,True,England,"Hoe, Norfolk, England",0,0.9472305,,,GB,Europe
,50.7047622,True,England,"Stonehedge, , , England",0,-3.5394457,,,GB,Europe
,53.8567728,True,England,"Colne, Lancashire, England",0,-2.1691238,,,GB,Europe
,54.0488219,True,England,"Of, Windlehouse, Lancaster, England",0,-2.8013499,,,GB,Europe
,52.1166641,True,England,"Burgh, Suffolk, England",0,1.2584744,,,GB,Europe
,52.0632432,True,England,"Aldham, Suffolk, , England",0,0.9717538,,,GB,Europe
,51.7952538,True,England,"Of, Maldon, Essex, England",0,0.7823023,,,GB,Europe
,52.7184506,True,England,"Hoe, , , England",0,0.9472305,,,GB,Europe
,52.6305193,True,England,"St. Michael, Plea, , England",0,1.2972286,,,GB,Europe
,54.0488219,True,England,"Of, Barnside, Lancaster, England",0,-2.8013499,,,GB,Europe
,54.0488219,True,England,"Of, Stonehedge, Lancaster, England",0,-2.8013499,,,GB,Europe
,51.4534889,True,,"Workingham, Berkshire, , Eng",0,-1.031873,,,NONE,
,52.5279306,True,,Burbage,0,-1.3486528,,,NONE,
,54.5652818,True,England,"Of, Roscombe, , England",0,-2.9131428,,,GB,Europe
,50.9125822,True,England,"Of, Linkenholt Manor, Hants, England",0,-1.3975608,,,GB,Europe
,51.4031075,True,England,"Barkham, Berkshire, England",0,-0.8733698,,,GB,Europe
,52.5310214,True,England,"Barkham Manor, Barkham, Berkshsire, England",0,-1.2649062,,,GB,Europe
,37.7913044,True,,"Epping Forest, Lancaster, VA",0,-76.5258553,,,NONE,
,37.4452288,True,,"Gloucester Co., Virginia",0,-76.5594479,,,NONE,
,41.903411,True,,"Yorkco, VA",0,12.4528527,,,NONE,
,52.1546172,True,England,"Aston-Le-Walls, , , England",0,-1.2742734,,,GB,Europe
,51.5074456,True,,London Eng.,0,-0.1277653,,,NONE,
,51.0690613,True,,"Of, , Wiltshire, Eng",0,-1.7954134,,,NONE,
,52.5310214,True,,"Of Burnham, Boven, Eng",0,-1.2649062,,,NONE,
,51.2715316,True,England,"Of, Tighes, Surrey, England",0,-0.3414524,,,GB,Europe
,51.4269241,True,England,"Of, Kent, England",0,0.3612985,,,GB,Europe
,51.840894,True,England,"Of, Par. Of Burnham, Buckinghamshire, England",0,-0.8998074,,,GB,Europe
,50.9853571,True,England,", Berwick, Wiltshire, England",0,-2.0771314,,,GB,Europe
,52.6486234,True,England,"St. Mary, Hellesdon, Norfolk, England",0,1.2515655,,,GB,Europe
,52.0632432,True,England,"Of, Aldham, Suffolk, England",0,0.9717538,,,GB,Europe
,51.0094539,True,England,"Of, Cuckfield, Sussex, England",0,-0.1345285,,,GB,Europe
,38.1911773,True,,"Bridge Creek, Westmoreland, Virginia",0,-76.9275638,,,NONE,
,38.2175382,True,,"Bridge Creek, Westmorland, Virginia",0,-77.4898499,,,NONE,
,40.043127,True,,"Of, , Lancaster, Virginia",0,-76.3244568,,,NONE,
,38.2786312,True,,"Ferry Far, King George, Virginia",0,-77.175356,,,NONE,
,37.2230374,True,,", York, VA.",0,-76.5156945,,,NONE,
,41.903411,True,,"Gloucesterco, VA",0,12.4528527,,,NONE,
,37.6698613,True,,", Millenbeck, Lancaster, Virginia",0,-76.4885612,,,NONE,
,37.609715,True,,"Christ Church, Middlesex, VA",0,-76.5463678,,,NONE,
,51.4538022,True,England,"Bristol, , , England",0,-2.5972985,,,GB,Europe
,37.3396678,True,,"Warner Hall, Gloucester, VA",0,-76.4746982,,,NONE,
,41.903411,True,,", , VA.",0,12.4528527,,,NONE,
,51.324162,True,England,", Wiltshire, England",0,-1.9032487,,,GB,Europe
,37.1232245,True,,", , , Virginia",0,-78.4927721,,,NONE,
,41.2976052,True,,"New Haven, New Haven, Connecticut",0,-72.9265437,,,NONE,
,52.3378983,True,England,"Little Creaton, Northamptonshire, England",0,-0.9506195,,,GB,Europe
,41.903411,True,,"Elizabethcity, VA",0,12.4528527,,,NONE,
,51.4119036,True,England,"Wokingham, Berkshire, England",0,-0.8429813,,,GB,Europe
,51.7834994,True,England,"Of Burnham, Bucks, England",0,-0.8946441,,,GB,Europe
,51.5356133,True,England,"Of Burnham, Buckingham, England",0,-0.6589748,,,GB,Europe
,52.2451778,True,,"Sulgrave, Northampton, Eng.",0,-0.9182112,,,NONE,
,52.5310214,True,England,", , , England",0,-1.2649062,,,GB,Europe
,52.2343297,True,,"Of Sulgrave, Northampton, Eng.",0,-0.9028043,,,NONE,
,52.5310214,True,,"Of Sulgrave, Northhampton, Eng.",0,-1.2649062,,,NONE,
,47.3547646,True,,"Sulgrave, Northampton, En",0,11.7075655,,,NONE,
,51.7834994,True,,"Boveney, Bucks, Eng",0,-0.8946441,,,NONE,
,52.5310214,True,,"Sulgrave, Northhampton, , Eng",0,-1.2649062,,,NONE,
,52.5310214,True,,"Radway, Warricks, Eng",0,-1.2649062,,,NONE,
,53.2293545,True,England,"Scrivelsby, Lincoln, England",0,-0.5404819,,,GB,Europe
,51.7834994,True,England,"Of, Boveney, Bucks, England",0,-0.8946441,,,GB,Europe
,51.4658779,True,England,"Of Binfield, Berks, England",0,-0.7748399,,,GB,Europe
,51.4312752,True,,"Binfield, Berks, Eng",0,-0.7732314,,,NONE,
,54.1418786,True,England,"Warton, Lancashire, England",0,-2.8123655,,,GB,Europe
,53.1823034,True,England,"Scriveslby, Lincolnshire, England",0,-0.2031209,,,GB,Europe
,53.1823034,True,England,"Of, Scriveslby, Lincolnshire, England",0,-0.2031209,,,GB,Europe
,51.3963375,True,England,"Arborfield, Berks, England",0,-0.9054306,,,GB,Europe
,53.6955438,True,England,"Of, Gawthorpe, Yorkshire, England",0,-1.5878045,,,GB,Europe
,54.0167279,True,England,"Of, Overton, Lancashire, England",0,-2.858891,,,GB,Europe
,52.3213064,True,England,"Of, Oversly, Warwickshire, England",0,-1.5536906,,,GB,Europe
,53.9825271,True,England,"Of, Leckonfield, Yorkshire, England",0,-1.38525,,,GB,Europe
,53.7498867,True,England,"Of Warton, Lancashire, , England",0,-2.89701,,,GB,Europe
,53.9825271,True,England,", Warkworth, Yorkshire, England",0,-1.38525,,,GB,Europe
,51.6432869,True,England,"Of, Beverstone, Gloucestershire, England",0,-2.2005697,,,GB,Europe
,51.3968471,True,England,"Of , Newbury, Berkshire, England",0,-1.3249375,,,GB,Europe
,,True,,Of Tevitfield,0,,True,1767130601.6255019,,
,55.4133985,True,England,"Of, Alnwick, Northumberland, England",0,-1.7076505,,,GB,Europe
,54.5910607,True,England,"Castle Raby, Raby With Keverstone, Durham, England",0,-1.8017245,,,GB,Europe
,51.2889702,True,England,"Of, Basing, Hampshire, England",0,-1.0447215,,,GB,Europe
,51.2712823,True,England,", Basing, Hampshire, England",0,-1.046029,,,GB,Europe
,51.8434444,True,England,"Of, Coberley, Gloucestershire, England",0,-2.0568913,,,GB,Europe
,51.7643786,True,England,", Cubberley, Gloucestershire, England",0,-2.1880662,,,GB,Europe
,51.5141618,True,England,"Of, London, London, England",0,-0.0889387,,,GB,Europe
,52.3106138,True,England,"Of, Little Creaton, Northants, England",0,-0.865913,,,GB,Europe
,54.0488219,True,England,"Of, Palstarr, Lancaster, England",0,-2.8013499,,,GB,Europe
,,True,,"Washington, District of Columbia, USA",0,,True,1767136688.1889784,,
,,True,,"Hope, Hempstead, Arkansas, USA",0,,True,1767136688.189484,,
,,True,,"Chicago, Cook, Illinois, USA",0,,True,1767136688.189484,,
,,True,,"Sherman, Grayson, Texas, USA",0,,True,1767136688.189484,,
,,True,,"Missouri, USA",0,,True,1767136688.189984,,
,,True,,"Sikeston, Scott, Missouri, USA",0,,True,1767136688.189984,,
,,True,,"Bodcaw, Nevada, Arkansas, USA",0,,True,1767136688.1904879,,
,,True,,"Tippah, Mississippi, USA",0,,True,1767136688.1904879,,
,,True,,"Grayson, Texas, USA",0,,True,1767136688.1904879,,
,,True,,"Parker Twp, Nevada, Arkansas, USA",0,,True,1767136688.1909919,,
,,True,,"Falkner, Tippah, Mississippi, USA",0,,True,1767136688.1909919,,
,,True,,"Franklin, Georgia, USA",0,,True,1767136688.1914923,,
,,True,,"Florida, USA",0,,True,1767136688.1914923,,
,,True,,"Kossuth, Alcorn, Mississippi, USA",0,,True,1767136688.1919973,,
,,True,,"Coffee, Alabama, USA",0,,True,1767136688.1919973,,
,,True,,"Red Level, Covington, Alabama, USA",0,,True,1767136688.1925023,,
,,True,,"Covington, Alabama, USA",0,,True,1767136688.1925023,,
,,True,,"Butler, Alabama, USA",0,,True,1767136688.1925023,,
,,True,,"Ebenezer Cemetery, Parker, Nevada, Arkansas, USA",0,,True,1767136688.1930025,,
,,True,,"Union, Louisiana, USA",0,,True,1767136688.1930025,,
,,True,,"Oak Grove Cemetery, DeRoan Twp, Hempstead, Arkansas, USA",0,,True,1767136688.1935022,,
,,True,,"Hempstead, Arkansas, USA",0,,True,1767136688.1935022,,
,,True,,"Alabama, USA",0,,True,1767136688.1940064,,
,,True,,"Rutherford, Tennessee, USA",0,,True,1767136688.1940064,,
,,True,,"Tennessee, USA",0,,True,1767136688.1940064,,
,,True,,"Parker, Texas, USA",0,,True,1767136688.1945112,,
,,True,,"North Carolina, USA",0,,True,1767136688.1945112,,
,,True,,"Ripley, Tippah, Mississippi, USA",0,,True,1767136688.1950114,,
,,True,,Ireland,0,,True,1767136688.1950114,,
,,True,,"Carnesville, Franklin, Georgia, USA",0,,True,1767136688.1950114,,
,,True,,"Chesterfield, South Carolina, USA",0,,True,1767136688.1955152,,
,,True,,"Early, Georgia, USA",0,,True,1767136688.1955152,,
,,True,,"South Carolina, USA",0,,True,1767136688.19602,,
,,True,,"Kershaw, South Carolina, USA",0,,True,1767136688.19602,,
,,True,,"Shover Springs, Hempstead, Arkansas, USA",0,,True,1767136688.19602,,
,,True,,"McMinn, Tennessee, USA",0,,True,1767136688.1965199,,
,,True,,"Arkansas, USA",0,,True,1767136688.1965199,,
,,True,,"Union, Mississippi, USA",0,,True,1767136688.197024,,
,,True,,"Marshall, Mississippi, USA",0,,True,1767136688.197024,,
,,True,,"Randolph, North Carolina, USA",0,,True,1767136688.197024,,
,,True,,"Kentucky, USA",0,,True,1767136688.1975288,,
,,True,,"Anson, North Carolina, USA",0,,True,1767136688.1975288,,
,,True,,"Orangeburg, South Carolina, USA",0,,True,1767136688.1980293,,
,,True,,"Longstreet, Coffee, Alabama, USA",0,,True,1767136688.1980293,,
,,True,,"Darlington, Darlington, South Carolina, USA",0,,True,1767136688.1985328,,
,,True,,"Ramer, Montgomery, Alabama, USA",0,,True,1767136688.1985328,,
,,True,,"Montgomery, Alabama, USA",0,,True,1767136688.1990378,,
,,True,,"Mt. Pleasant, Crenshaw, Alabama, USA",0,,True,1767136688.1990378,,
,,True,,"Crenshaw, Alabama, USA",0,,True,1767136688.1990378,,
,,True,,"Lincoln, North Carolina, USA",0,,True,1767136688.199538,,
,,True,,"Macon, Tennessee, USA",0,,True,1767136688.199538,,
,,True,,"Little Rock, Pulaski, Arkansas, USA",0,,True,1767136688.200042,,
,,True,,"Tipperary, Ireland",0,,True,1767136688.200042,,
,,True,,"London, England",0,,True,1767136688.2005463,,
,,True,,"Java, Wyoming, New York, USA",0,,True,1767136688.2005463,,
,,True,,"Fulton, Whiteside, Illinois, USA",0,,True,1767136688.201047,,
,,True,,"Beverly Hills, Los Angeles, California, USA",0,,True,1767136688.201047,,
,,True,,"Illinois, USA",0,,True,1767136688.201551,,
,,True,,"Clarkson, Monroe, New York, USA",0,,True,1767136688.201551,,
,,True,,"New York, USA",0,,True,1767136688.201551,,
,,True,,"Renfrewshire, Scotland",0,,True,1767136688.2020562,,
,,True,,"Queens, New Brunswick, Canada",0,,True,1767136688.2020562,,
,,True,,"Argyle, Scotland",0,,True,1767136688.2025557,,
,,True,,"Paisley, Renfrewshire, Scotland",0,,True,1767136688.2025557,,
,,True,,"Surrey, England",0,,True,1767136688.2030597,,
,,True,,"Clyde Twp, Whiteside, Illinois, USA",0,,True,1767136688.2030597,,
,,True,,"Tampico, Whiteside, Illinois, USA",0,,True,1767136688.203565,,
,,True,,"Epson, Surrey, England",0,,True,1767136688.203565,,
,,True,,"Port Tobacco, Charles, Maryland, USA",0,,True,1767136688.203565,,
,,True,,"Frederick, Maryland, USA",0,,True,1767136688.2040648,,
,,True,,"Charles, Maryland, USA",0,,True,1767136688.2040648,,
,,True,,"Loudon, Laurel, Kentucky, USA",0,,True,1767136688.204569,,
,,True,,"Anchorage, Jefferson, Kentucky, USA",0,,True,1767136688.205074,,
,,True,,"Galveston, Galveston, Texas, USA",0,,True,1767136688.205074,,
,,True,,"Jefferson, Kentucky, USA",0,,True,1767136688.205074,,
,,True,,"Owensboro, Daviess, Kentucky, USA",0,,True,1767136688.205574,,
,,True,,"Russellville, Franklin, Alabama, USA",0,,True,1767136688.205574,,
,,True,,"Petersburg, Independent Cities, Virginia, USA",0,,True,1767136688.206078,,
,,True,,"Phoenix, Maricopa, Arizona, USA",0,,True,1767136688.206078,,
,,True,,"Scottsdale, Maricopa, Arizona, USA",0,,True,1767136688.2065828,,
,,True,,"Great Barrington, Berkshire, Massachusetts, USA",0,,True,1767136688.2065828,,
,,True,,"Pittsfield, Berkshire, Massachusetts, USA",0,,True,1767136688.2070827,,
,,True,,"Orient, Suffolk, New York, USA",0,,True,1767136688.2075832,,
,,True,,"Manhattan, New York, New York, USA",0,,True,1767136688.2075832,,
,,True,,"Galesburg, Knox, Illinois, USA",0,,True,1767136688.2080832,,
,,True,,"Galty, Knockweaddown, Ireland",0,,True,1767136688.2080832,,
,,True,,"St Joseph, Andrew, Missouri, USA",0,,True,1767136688.2085822,,
,,True,,"St Marys, Elk, Pennsylvania, USA",0,,True,1767136688.2085822,,
,,True,,"Los Angeles, Los Angeles, California, USA",0,,True,1767136688.2090828,,
,,True,,"Hempstead, Nassau, New York, USA",0,,True,1767136688.2095854,,
,,True,,"Cape May, New Jersey, USA",0,,True,1767136688.2095854,,
,,True,,"Smith Cemetery, Greene, Pennsylvania, USA",0,,True,1767136688.210085,,
,,True,,"Morgan Twp, Greene, Pennsylvania, USA",0,,True,1767136688.210085,,
,,True,,"Springfield, Columbiana, Ohio, USA",0,,True,1767136688.210591,,
,,True,,"Shrewsbury, Monmouth, New Jersey, USA",0,,True,1767136688.210591,,
,,True,,"Butlerville, Jennings, Indiana, USA",0,,True,1767136688.2110987,,
,,True,,"Jefferson Twp, Fayette, Pennsylvania, USA",0,,True,1767136688.2115972,,
,,True,,"Whittier, Los Angeles, California, USA",0,,True,1767136688.2115972,,
,,True,,"New Jersey, USA",0,,True,1767136688.212101,,
,,True,,"Burlington, New Jersey, USA",0,,True,1767136688.212101,,
,,True,,"West Branch, Cedar, Iowa, USA",0,,True,1767136688.2151132,,
,,True,,"Massachusetts, USA",0,,True,1767136688.2156143,,
,,True,,"Mahoning, Ohio, USA",0,,True,1767136688.2156143,,
,,True,,"Springfield, Mahoning, Ohio, USA",0,,True,1767136688.2161124,,
,,True,,"Baltimore, Maryland, USA",0,,True,1767136688.2161124,,
,,True,,"Gunpowder, Harford, Maryland, USA",0,,True,1767136688.2166152,,
,,True,,"Monmouth, New Jersey, USA",0,,True,1767136688.2166152,,
,,True,,"Richland, Bucks, Pennsylvania, USA",0,,True,1767136688.217119,,
,,True,,"Columbiana, Ohio, USA",0,,True,1767136688.217119,,
,,True,,"Colerain, Belmont, Ohio, USA",0,,True,1767136688.2176185,,
,,True,,"Elk Twp., Vinton, Ohio, USA",0,,True,1767136688.2176185,,
,,True,,"La Habra, Orange, California, USA",0,,True,1767136688.2181227,,
,,True,,"Yorba Linda, Orange, California, USA",0,,True,1767136688.2181227,,
,,True,,"Ely, White Pine, Nevada, USA",0,,True,1767136688.2186265,,
,,True,,"West Point, Orange, New York, USA",0,,True,1767136688.2186265,,
,,True,,"Muncie, Delaware, Indiana, USA",0,,True,1767136688.2191272,,
,,True,,"Smith Twp, Washington, Pennsylvania, USA",0,,True,1767136688.2191272,,
,,True,,"Mount Pleasant, Vinton, Ohio, USA",0,,True,1767136688.21963,,
,,True,,"Swan, Vinton, Ohio, USA",0,,True,1767136688.21963,,
,,True,,"New Plymouth, Vinton, Ohio, USA",0,,True,1767136688.2201343,,
,,True,,"Hocking, Ohio, USA",0,,True,1767136688.2201343,,
,,True,,"Vinton, Ohio, USA",0,,True,1767136688.2201343,,
,,True,,"Washington, Washington, Pennsylvania, USA",0,,True,1767136688.2201343,,
,,True,,"Gettysburg, Adams, Pennsylvania, USA",0,,True,1767136688.2211366,,
,,True,,"McArthur, Vinton, Ohio, USA",0,,True,1767136688.2211366,,
,,True,,"Harford, Maryland, USA",0,,True,1767136688.221641,,
,,True,,"Morgan, Ohio, USA",0,,True,1767136688.221641,,
,,True,,"Bigger Twp., Jennings, Indiana, USA",0,,True,1767136688.221641,,
,,True,,"West Pike Run, Washington, Pennsylvania, USA",0,,True,1767136688.2226448,,
,,True,,"Goshen, Mahoning, Ohio, USA",0,,True,1767136688.2227478,,
,,True,,"Middletown, Cape May, New Jersey, USA",0,,True,1767136688.2232022,,
,,True,,"Matlock, Derbyshire, England",0,,True,1767136688.2232022,,
,,True,,"Brandywine, New Castle, Delaware, USA",0,,True,1767136688.2237008,,
,,True,,"Delaware, USA",0,,True,1767136688.2237008,,
,,True,,"Fermanagh, Juniata, Pennsylvania, USA",0,,True,1767136688.2242033,,
,,True,,"Maryland, USA",0,,True,1767136688.2242033,,
,,True,,"Washington, Hocking, Ohio, USA",0,,True,1767136688.224706,,
,,True,,"Centre, Pennsylvania, USA",0,,True,1767136688.224706,,
,,True,,"Indianola, Warren, Iowa, USA",0,,True,1767136688.224706,,
,,True,,"Perry, Ohio, USA",0,,True,1767136688.224706,,
,,True,,"Colona, Henry, Illinois, USA",0,,True,1767136688.2257085,,
,,True,,"Colona Twp., Henry, Illinois, USA",0,,True,1767136688.2262118,,
,,True,,"Washington, Pennsylvania, USA",0,,True,1767136688.2262118,,
,,True,,"Morris, New Jersey, USA",0,,True,1767136688.2262118,,
,,True,,"Lancaster, Pennsylvania, USA",0,,True,1767136688.2262118,,
,,True,,"Salisbury Twp., Lancaster, Pennsylvania, USA",0,,True,1767136688.2272148,,
,,True,,"Ohio, USA",0,,True,1767136688.2272148,,
,,True,,"Belmont, Ohio, USA",0,,True,1767136688.2277186,,
,,True,,"Plumstead, Bucks, Pennsylvania, USA",0,,True,1767136688.2277186,,
,,True,,"Caln, Chester, Pennsylvania, USA",0,,True,1767136688.2277186,,
,,True,,"Warrington Twp., York, Pennsylvania, USA",0,,True,1767136688.2287219,,
,,True,,"Clover Hill, Washington, Pennsylvania, USA",0,,True,1767136688.2287219,,
,,True,,"York, Pennsylvania, USA",0,,True,1767136688.2292259,,
,,True,,"Pennsylvania, USA",0,,True,1767136688.2292259,,
,,True,,Wales,0,,True,1767136688.2297285,,
,,True,,"Iowa, USA",0,,True,1767136688.2297285,,
,,True,,"Upper Darby, Delaware, Pennsylvania, USA",0,,True,1767136688.2302325,,
,,True,,"Christana, New Castle, Delaware, USA",0,,True,1767136688.2307317,,
,,True,,"Roxbury, Morris, New Jersey, USA",0,,True,1767136688.2307317,,
,,True,,"Balleymoney, Antrim, Northern Ireland",0,,True,1767136688.2312346,,
,,True,,"Hampshire, West Virginia, USA",0,,True,1767136688.2312346,,
,,True,,"Antrim, Northern Ireland",0,,True,1767136688.2317376,,
,,True,,"Pikeland, Chester, Pennsylvania, USA",0,,True,1767136688.2322383,,
,,True,,"Coatesville, Chester, Pennsylvania, USA",0,,True,1767136688.2322383,,
,,True,,"New Castle, New Castle, Delaware, USA",0,,True,1767136688.2327414,,
,,True,,"Newberry, York, Pennsylvania, USA",0,,True,1767136688.2327414,,
,,True,,"Framingham, Middlesex, Massachusetts, USA",0,,True,1767136688.2332447,,
,,True,,"Northampton, Burlington, New Jersey, USA",0,,True,1767136688.2337444,,
,,True,,"Evesham, Burlington, New Jersey, USA",0,,True,1767136688.2337444,,
,,True,,"Sinking Spring, Hodgenville, Larue, Kentucky, USA",0,,True,1767136688.2342474,,
,,True,,"Springfield, Sangamon, Illinois, USA",0,,True,1767136688.2342474,,
,,True,,"Augusta, Virginia, USA",0,,True,1767136688.234751,,
,,True,,"Farmington, Fulton, Illinois, USA",0,,True,1767136688.234751,,
,,True,,"Campbell, Kentucky, USA",0,,True,1767136688.2352512,,
,,True,,"Gentryville, Spencer, Indiana, USA",0,,True,1767136688.2357543,,
,,True,,"Berks, Pennsylvania, USA",0,,True,1767136688.2357543,,
,,True,,"Freehold, Monmouth, New Jersey, USA",0,,True,1767136688.2362587,,
,,True,,"Linville, Rockingham, Virginia, USA",0,,True,1767136688.2362587,,
,,True,,"Rockingham, Virginia, USA",0,,True,1767136688.2367573,,
,,True,,"Smithtown, Suffolk, New York, USA",0,,True,1767136688.2372596,,
,,True,,"McGaheysville, Rockingham, Virginia, USA",0,,True,1767136688.2372596,,
,,True,,"Farnham, Richmond, Virginia, USA",0,,True,1767136688.2377632,,
,,True,,"Woodtown, Nelson, Kentucky, USA",0,,True,1767136688.2382624,,
,,True,,"Howard, Maryland, USA",0,,True,1767136688.2382624,,
,,True,,"Hingham, Plymouth, Massachusetts, USA",0,,True,1767136688.2387662,,
,,True,,"Amity, Berks, Pennsylvania, USA",0,,True,1767136688.2392733,,
,,True,,"Sussex, Delaware, USA",0,,True,1767136688.2397714,,
,,True,,"Chester, Cheshire, England",0,,True,1767136688.2397714,,
,,True,,"Oyster Bay, Nassau, New York, USA",0,,True,1767136688.2403345,,
,,True,,"Richmond, Virginia, USA",0,,True,1767136688.2403345,,
,,True,,"Lancaster, Virginia, USA",0,,True,1767136688.2403345,,
,,True,,"Annapolis, Anne Arundel, Maryland, USA",0,,True,1767136688.2413392,,
,,True,,"Anne Arundel, Maryland, USA",0,,True,1767136688.2413392,,
,,True,,"Scituate, Plymouth, Massachusetts, USA",0,,True,1767136688.241853,,
,,True,,"Gravesend, Long Island City, Queens, New York, USA",0,,True,1767136688.241853,,
,,True,,"Kingston Deverill, Wiltshire, England",0,,True,1767136688.241853,,
,,True,,"Virginia, USA",0,,True,1767136688.242926,,
,,True,,"Piscataway, Middlesex, New Jersey, USA",0,,True,1767136688.242926,,
,,True,,"Hingham, Norfolk, England",0,,True,1767136688.242926,,
,,True,,"Hull, Norfolk, Massachusetts, USA",0,,True,1767136688.243932,,
,,True,,"Witchampton, Dorset, England",0,,True,1767136688.247465,,
,,True,,"Caversham, Oxfordshire, England",0,,True,1767136688.247964,,
,,True,,"Weymouth, Norfolk, Massachusetts, USA",0,,True,1767136688.247964,,
,,True,,"Lexington, Fayette, Kentucky, USA",0,,True,1767136688.248468,,
,,True,,"Arlington, Arlington, Virginia, USA",0,,True,1767136688.2489717,,
,,True,,"Manchester, Bennington, Vermont, USA",0,,True,1767136688.2489717,,
,,True,,"New York, New York, New York, USA",0,,True,1767136688.249472,,
,,True,,"Pope's Creek, Westmoreland, Virginia, USA",0,,True,1767136688.2499747,,
,,True,,"Mount Vernon, Fairfax, Virginia, USA",0,,True,1767136688.2499747,,
,,True,,"New Kent, Virginia, USA",0,,True,1767136688.250478,,
,,True,,"Wakefield, Westmoreland, Virginia, USA",0,,True,1767136688.250478,,
,,True,,"Ferry Farm, King George, Virginia, USA",0,,True,1767136688.250978,,
,,True,,"Fredericksburg, Spotsylvania, Virginia, USA",0,,True,1767136688.251481,,
,,True,,"Westmoreland, Virginia, USA",0,,True,1767136688.251481,,
,,True,,"Warner Hall, Gloucester, Gloucester, Virginia, USA",0,,True,1767136688.2519844,,
,,True,,"Whitehaven, Cumberland, England",0,,True,1767136688.252485,,
,,True,,"Epping Forest, Lancaster, Virginia, USA",0,,True,1767136688.252485,,
,,True,,"Cheshire, England",0,,True,1767136688.2529883,,
,,True,,"Purleigh, Essex, England",0,,True,1767136688.253492,,
,,True,,"Washington, Westmoreland, Virginia, USA",0,,True,1767136688.253994,,
,,True,,"York, Virginia, USA",0,,True,1767136688.2544928,,
,,True,,"Warner Hall, Virginia, USA",0,,True,1767136688.2544928,,
,,True,,"Naxera, Gloucester, Virginia, USA",0,,True,1767136688.2549918,,
,,True,,"Gloucester, Gloucester, Virginia, USA",0,,True,1767136688.2554927,,
,,True,,"Millenbeck, Lancashire, England",0,,True,1767136688.2554927,,
,,True,,"Maldon, Essex, England",0,,True,1767136688.2559958,,
,,True,,"Tring, Hertfordshire, England",0,,True,1767136688.2565002,,
,,True,,"Gloucestershire, England",0,,True,1767136688.2565002,,
,,True,,"Norfolk, England",0,,True,1767136688.2569995,,
,,True,,"Linkenholt, Hampshire, England",0,,True,1767136688.2575016,,
,,True,,"Yorktown, York, Virginia, USA",0,,True,1767136688.2575016,,
,,True,,"Burnley, Lancashire, England",0,,True,1767136688.2580068,,
,,True,,"Saint-Martin-de-Ré, Departement de la Charente-Maritime, Poitou-Charentes, France",0,,True,1767136688.2585063,,
,,True,,"Nether Boddingto, Northamptonshire, England",0,,True,1767136688.2585063,,
,,True,,"Radway Grange, Warwickshire, England",0,,True,1767136688.2590048,,
,,True,,"Blakesley, Northamptonshire, England",0,,True,1767136688.259506,,
,,True,,"Great Creaton, Northamptonshire, England",0,,True,1767136688.2600062,,
,,True,,"Barnside, Lancashire, England",0,,True,1767136688.2600062,,
,,True,,"Faccombe, Hampshire, England",0,,True,1767136688.2605097,,
,,True,,"St Martin, Westminster, London, England",0,,True,1767136688.2610135,,
,,True,,"Williamsburg, Independent Cities, Virginia, USA",0,,True,1767136688.2610135,,
,,True,,"New Kent, New Kent, Virginia, USA",0,,True,1767136688.2615142,,
,,True,,"Eltham, New Kent, Virginia, USA",0,,True,1767136688.262019,,
,,True,,"Althorpe, Northamptonshire, England",0,,True,1767136688.2625268,,
,,True,,"Picadilliy, Middlesex, England",0,,True,1767136688.2625268,,
,,True,,"Ashe, Musbury, Devon, England",0,,True,1767136688.2630255,,
,,True,,"Blenheim, Oxfordshire, England",0,,True,1767136688.2635295,,
,,True,,"Milton, Norfolk, Massachusetts, USA",0,,True,1767136688.264033,,
,,True,,"College Station, Brazos, Texas, USA",0,,True,1767136688.264033,,
,,True,,"Houston, Harris, Texas, USA",0,,True,1767136688.2645347,,
,,True,,"Rye, Westchester, New York, USA",0,,True,1767136688.2655416,,
,,True,,"Bristol, Rhode Island, USA",0,,True,1767136688.2655416,,
,,True,,"Bristol, Bristol, Rhode Island, USA",0,,True,1767136688.2660427,,
,,True,,"Springport, Cayuga, New York, USA",0,,True,1767136688.2665465,,
,,True,,"Lebanon, New London, Connecticut, USA",0,,True,1767136688.2670503,,
,,True,,"Penfield, Monroe, New York, USA",0,,True,1767136688.2670503,,
,,True,,"Rochester, Monroe, New York, USA",0,,True,1767136688.2675507,,
,,True,,"Cambridge, Washington, New York, USA",0,,True,1767136688.268053,,
,,True,,"Cincinnati, Hamilton, Ohio, USA",0,,True,1767136688.2685568,,
,,True,,"Ithaca, Tompkins, New York, USA",0,,True,1767136688.2685568,,
,,True,,"Savannah, Chatham, Georgia, USA",0,,True,1767136688.2690566,,
,,True,,"Boston, Middlesex, Massachusetts, USA",0,,True,1767136688.2695603,,
,,True,,"Brick Church, East Orange, Essex, New Jersey, USA",0,,True,1767136688.270065,,
,,True,,"Columbus, Franklin, Ohio, USA",0,,True,1767136688.2705653,,
,,True,,"Franklin, Ohio, USA",0,,True,1767136688.2705653,,
,,True,,"Watch Hill, Rhode Island, USA",0,,True,1767136688.271066,,
,,True,,"New York, New York, USA",0,,True,1767136688.27157,,
,,True,,"Walker's Pt, York, Maine, USA",0,,True,1767136688.2720768,,
,,True,,"Roth, Down, Northern Ireland",0,,True,1767136688.272575,,
,,True,,"Rathfriland, Down, Northern Ireland",0,,True,1767136688.272575,,
,,True,,"Monroe, Missouri, USA",0,,True,1767136688.273075,,
,,True,,"Pike, Missouri, USA",0,,True,1767136688.2735786,,
,,True,,"St Louis, Missouri, USA",0,,True,1767136688.274084,,
,,True,,"Hannibal, Marion, Missouri, USA",0,,True,1767136688.274084,,
,,True,,"Culpeper, Virginia, USA",0,,True,1767136688.274084,,
,,True,,"Indian Territory, USA",0,,True,1767136688.2750883,,
,,True,,"Philadelphia, Pennsylvania, USA",0,,True,1767136688.275594,,
,,True,,"Norwalk, Fairfield, Connecticut, USA",0,,True,1767136688.275594,,
,,True,,"Ridgefield, Fairfield, Connecticut, USA",0,,True,1767136688.2765973,,
,,True,,"Ridgebury, Fairfield, Connecticut, USA",0,,True,1767136688.2765973,,
,,True,,"Connecticut, USA",0,,True,1767136688.2771027,,
,,True,,"Grand River, Ontario, Canada",0,,True,1767136688.2771027,,
,,True,,"Barnstable, Massachusetts, USA",0,,True,1767136688.2781067,,
,,True,,"Harwich, Barnstable, Massachusetts, USA",0,,True,1767136688.2786121,,
,,True,,"Oblong, New York, USA",0,,True,1767136688.279112,,
,,True,,"Portage, Livingston, New York, USA",0,,True,1767136688.279616,,
,,True,,"Stratford, Fairfield, Connecticut, USA",0,,True,1767136688.2801204,,
,,True,,"Cecil, Maryland, USA",0,,True,1767136688.2801204,,
,,True,,"Earleville, Cecil, Maryland, USA",0,,True,1767136688.2801204,,
,,True,,"Kennebunk, York, Maine, USA",0,,True,1767136688.2812014,,
,,True,,"Biddeford, York, Maine, USA",0,,True,1767136688.2817051,,
,,True,,"Tiffin, Defiance, Ohio, USA",0,,True,1767136688.2822104,,
,,True,,"St. Stephen's, Cecil, Maryland, USA",0,,True,1767136688.2827096,,
,,True,,"Bloomington, Monroe, Indiana, USA",0,,True,1767136688.2827096,,
,,True,,"Rehoboth, Bristol, Massachusetts, USA",0,,True,1767136688.2837136,,
,,True,,"Swansea, Bristol, Massachusetts, USA",0,,True,1767136688.2842197,,
,,True,,"Poughkeepsie, Dutchess, New York, USA",0,,True,1767136688.2842197,,
,,True,,"Edgartown, Dukes, Massachusetts, USA",0,,True,1767136688.2852237,,
,,True,,"Pleasant Valley, Dutchess, New York, USA",0,,True,1767136688.2857282,,
,,True,,"Little Compton, Newport, Rhode Island, USA",0,,True,1767136688.2862287,,
,,True,,"Lebanon, Grafton, New Hampshire, USA",0,,True,1767136688.2902498,,
,,True,,"Saratoga, New York, USA",0,,True,1767136688.2902498,,
,,True,,"Esopus, Ulster, New York, USA",0,,True,1767136688.2902498,,
,,True,,"Rome, Oneida, New York, USA",0,,True,1767136688.2913036,,
,,True,,"Easton, Bristol, Massachusetts, USA",0,,True,1767136688.2918131,,
,,True,,"Coventry, Tolland, Connecticut, USA",0,,True,1767136688.2923164,,
,,True,,"Springfield, Otsego, New York, USA",0,,True,1767136688.292816,,
,,True,,"Wrentham, Norfolk, Massachusetts, USA",0,,True,1767136688.292816,,
,,True,,"Cumberland, Providence, Rhode Island, USA",0,,True,1767136688.292816,,
,,True,,"Tisbury, Dukes, Massachusetts, USA",0,,True,1767136688.293819,,
,,True,,"Middletown Springs, Rutland, Vermont, USA",0,,True,1767136688.2943227,,
,,True,,"Bennington, Vermont, USA",0,,True,1767136688.2943227,,
,,True,,"Clinton, New York, USA",0,,True,1767136688.2953262,,
,,True,,"Lomersheim, Enzkreis, Baden-Württemberg, Germany",0,,True,1767136688.2953262,,
,,True,,"Andover, Essex, Massachusetts, USA",0,,True,1767136688.2958298,,
,,True,,"Boston, Suffolk, Massachusetts, USA",0,,True,1767136688.2958298,,
,,True,,"Bedford, Hillsborough, New Hampshire, USA",0,,True,1767136688.296832,,
,,True,,"Manchester, Hillsborough, New Hampshire, USA",0,,True,1767136688.2973356,,
,,True,,"Nashua, Hillsborough, New Hampshire, USA",0,,True,1767136688.2973356,,
,,True,,"Lynn, Essex, Massachusetts, USA",0,,True,1767136688.2973356,,
,,True,,"Bradford, Essex, Massachusetts, USA",0,,True,1767136688.2983387,,
,,True,,"Cambridge, Middlesex, Massachusetts, USA",0,,True,1767136688.2988427,,
,,True,,"Sudbury, Middlesex, Massachusetts, USA",0,,True,1767136688.2993422,,
,,True,,"Concord, Middlesex, Massachusetts, USA",0,,True,1767136688.2999043,,
,,True,,"Stoneham, Middlesex, Massachusetts, USA",0,,True,1767136688.3003492,,
,,True,,"Westborough, Worcester, Massachusetts, USA",0,,True,1767136688.3008492,,
,,True,,"Brooklyn, Kings, New York, USA",0,,True,1767136688.3014276,,
,,True,,"Ipswich, Essex, Massachusetts, USA",0,,True,1767136688.3019357,,
,,True,,"Stonington, New London, Connecticut, USA",0,,True,1767136688.30244,,
,,True,,"Pottstown, Montgomery, Pennsylvania, USA",0,,True,1767136688.3029404,,
,,True,,"Watertown, Middlesex, Massachusetts, USA",0,,True,1767136688.3029404,,
,,True,,"Preston City, New London, Connecticut, USA",0,,True,1767136688.3039434,,
,,True,,"Scipio, Cayuga, New York, USA",0,,True,1767136688.3044484,,
,,True,,"Pottstown, Chester, Pennsylvania, USA",0,,True,1767136688.3044484,,
,,True,,"Hadley, Hampshire, Massachusetts, USA",0,,True,1767136688.305452,,
,,True,,"Wethersfield, Hartford, Connecticut, USA",0,,True,1767136688.3059561,,
,,True,,"Roxbury, Suffolk, Massachusetts, USA",0,,True,1767136688.3059561,,
,,True,,"Hebron, Tolland, Connecticut, USA",0,,True,1767136688.3064563,,
,,True,,"Kittery, York, Maine, USA",0,,True,1767136688.30701,,
,,True,,"Killingworth, Middlesex, Connecticut, USA",0,,True,1767136688.3074632,,
,,True,,"Andover, Tolland, Connecticut, USA",0,,True,1767136688.3079622,,
,,True,,"Dorchester, Suffolk, Massachusetts, USA",0,,True,1767136688.3084655,,
,,True,,"Albemarle, Virginia, USA",0,,True,1767136688.3089688,,
,,True,,"Glasgow, Barren, Kentucky, USA",0,,True,1767136688.3094704,,
,,True,,"Otterville, Cooper, Missouri, USA",0,,True,1767136688.3099735,,
,,True,,"Blount, Tennessee, USA",0,,True,1767136688.3104787,,
,,True,,"Maryville, Blount, Tennessee, USA",0,,True,1767136688.3104787,,
,,True,,"Greenfield, Dade, Missouri, USA",0,,True,1767136688.3114824,,
,,True,,"Dade, Missouri, USA",0,,True,1767136688.3119872,,
,,True,,"Cooper, Missouri, USA",0,,True,1767136688.3124876,,
,,True,,"Emmitsburg, Frederick, Maryland, USA",0,,True,1767136688.3129914,,
,,True,,Germany,0,,True,1767136688.3134964,,
,,True,,"Fredericktown, Cecil, Maryland, USA",0,,True,1767136688.3134964,,
,,True,,"Bloomington, McLean, Illinois, USA",0,,True,1767136688.3134964,,
,,True,,"Providence, Rhode Island, USA",0,,True,1767136688.3145003,,
,,True,,"Bradford, Devon, England",0,,True,1767136688.3150058,,
,,True,,"Charlestown, Suffolk, Massachusetts, USA",0,,True,1767136688.316009,,
,,True,,"Wigtownshire, Scotland",0,,True,1767136688.3165143,,
,,True,,"Kirkcudbright, Kirkcudbrightshire, Scotland",0,,True,1767136688.3170135,,
,,True,,"Stallingborough, Lincolnshire, England",0,,True,1767136688.3175163,,
,,True,,"Stepney, London, England",0,,True,1767136688.3180206,,
,,True,,"Odell, Bedfordshire, England",0,,True,1767136688.319025,,
,,True,,"Kilsyth, Stirlingshire, Scotland",0,,True,1767136688.31953,,
,,True,,"Rotterdam, Zuid-Holland, Netherlands",0,,True,1767136688.31953,,
,,True,,"St Helens, Lancashire, England",0,,True,1767136688.31953,,
,,True,,"New Haven, New Haven, Connecticut, USA",0,,True,1767136688.3210392,,
,,True,,"Bolton, Worcester, Massachusetts, USA",0,,True,1767136688.3210392,,
,,True,,"Plymouth, Windsor, Vermont, USA",0,,True,1767136688.322102,,
,,True,,"Marlborough, Middlesex, Massachusetts, USA",0,,True,1767136688.322102,,
,,True,,"Chester, Windsor, Vermont, USA",0,,True,1767136688.3231056,,
,,True,,"Ludlow, Windsor, Vermont, USA",0,,True,1767136688.3236108,,
,,True,,"Bergery, Bedfordshire, England",0,,True,1767136688.3236108,,
,,True,,"Wold, Northamptonshire, England",0,,True,1767136688.3246152,,
,,True,,"Badby, Northamptonshire, England",0,,True,1767136688.32512,,
,,True,,"Wormleighton, Stratford on Avon, Warwickshire, England",0,,True,1767136688.32512,,
,,True,,"Daventry District, Northamptonshire, England",0,,True,1767136688.3261235,,
,,True,,"Althorpe, Lincolnshire, England",0,,True,1767136688.3266287,,
,,True,,"Fawsley, Northamptonshire, England",0,,True,1767136688.3266287,,
,,True,,"Everdon, Northamptonshire, England",0,,True,1767136688.327633,,
,,True,,"Northamptonshire, England",0,,True,1767136688.327633,,
,,True,,"Farmington, Franklin, Maine, USA",0,,True,1767136688.3286476,,
,,True,,"Stoke By Nayland, Suffolk, England",0,,True,1767136688.329153,,
,,True,,"Fen Stanton, Huntingdonshire, England",0,,True,1767136688.3296525,,
,,True,,"Plymouth, Plymouth, Massachusetts, USA",0,,True,1767136688.3296525,,
,,True,,"Hartford, Connecticut, USA",0,,True,1767136688.3307123,,
,,True,,"Dedham, Norfolk, Massachusetts, USA",0,,True,1767136688.3312168,,
,,True,,"Bridgewater, Plymouth, Massachusetts, USA",0,,True,1767136688.3317165,,
,,True,,Netherlands,0,,True,1767136688.3322206,,
,,True,,"Berkeley, Charles City, Virginia, USA",0,,True,1767136688.332726,,
,,True,,"North Bend, Hamilton, Ohio, USA",0,,True,1767136688.332726,,
,,True,,"White House, Washington, District of Columbia, USA",0,,True,1767136688.3337302,,
,,True,,"Crown Hill Cemetery, Indianapolis, Marion, Indiana, USA",0,,True,1767136688.3342354,,
,,True,,"Indianapolis, Marion, Indiana, USA",0,,True,1767136688.3352396,,
,,True,,"Flatbrookville, Sussex, New Jersey, USA",0,,True,1767136688.3357446,,
,,True,,"Vincennes, Knox, Indiana, USA",0,,True,1767136688.3357446,,
,,True,,"Francisville, Boone, Kentucky, USA",0,,True,1767136688.3368073,,
,,True,,"Boone, Kentucky, USA",0,,True,1767136688.3373117,,
,,True,,"Richmond, Richmond, Virginia, USA",0,,True,1767136688.3373117,,
,,True,,"Morristown, Middlesex, New Jersey, USA",0,,True,1767136688.3383157,,
,,True,,"Mercersburg, Franklin, Pennsylvania, USA",0,,True,1767136688.338821,,
,,True,,"Oxford, Butler, Ohio, USA",0,,True,1767136688.3433466,,
,,True,,"Greenwich, Fairfield, Connecticut, USA",0,,True,1767136688.343851,,
,,True,,"Honesdale, Wayne, Pennsylvania, USA",0,,True,1767136688.3448582,,
,,True,,"Locust Valley, Nassau, New York, USA",0,,True,1767136688.3453624,,
,,True,,"Madison, Indiana, USA",0,,True,1767136688.3458667,,
,,True,,"Helena, Lewis and Clark, Montana, USA",0,,True,1767136688.3463666,,
,,True,,"Minneapolis, Hennepin, Minnesota, USA",0,,True,1767136688.3468683,,
,,True,,"Raleigh, Wake, North Carolina, USA",0,,True,1767136688.3473678,,
,,True,,"Greeneville, Greene, Tennessee, USA",0,,True,1767136688.3478668,,
,,True,,"Greene, Tennessee, USA",0,,True,1767136688.3483694,,
,,True,,"Telford, Washington, Tennessee, USA",0,,True,1767136688.3488731,,
,,True,,"Nashville, Davidson, Tennessee, USA",0,,True,1767136688.3493736,,
,,True,,"Bluff City, Sullivan, Tennessee, USA",0,,True,1767136688.3498762,,
,,True,,"Elizabethton, Carter, Tennessee, USA",0,,True,1767136688.3503814,,
,,True,,"Cedar Creek, Greene, Tennessee, USA",0,,True,1767136688.3508806,,
,,True,,"Afton, Greene, Tennessee, USA",0,,True,1767136688.3513832,,
,,True,,"Madison, North Carolina, USA",0,,True,1767136688.351887,,
,,True,,"Beaufort, North Carolina, USA",0,,True,1767136688.3523867,,
,,True,,"West Columbia, Brazoria, Texas, USA",0,,True,1767136688.3528903,,
,,True,,"Brazoria, Brazoria, Texas, USA",0,,True,1767136688.3533943,,
,,True,,"Queens, New York, USA",0,,True,1767136688.353895,,
,,True,,"Chestnut Hill, Boston, Middlesex, Massachusetts, USA",0,,True,1767136688.3543997,,
,,True,,"Brookline, Norfolk, Massachusetts, USA",0,,True,1767136688.3549037,,
,,True,,"Aiken, South Carolina, USA",0,,True,1767136688.3554034,,
,,True,,"Norwich, New London, Connecticut, USA",0,,True,1767136688.3559058,,
,,True,,"Nord, Nord-Pas-de-Calais, France",0,,True,1767136688.3564107,,
,,True,,"Alaska, USA",0,,True,1767136688.356909,,
,,True,,"Palm Springs, Palm Beach, Florida, USA",0,,True,1767136688.3574116,,
,,True,,"Cambrai, Nord, Nord-Pas-de-Calais, France",0,,True,1767136688.3579159,,
,,True,,"Manhattan, Kings, New York, USA",0,,True,1767136688.3584146,,
,,True,,"Brattleboro, Windham, Vermont, USA",0,,True,1767136688.3589168,,
,,True,,"Cold Spring Harbor, Suffolk, New York, USA",0,,True,1767136688.359421,,
,,True,,"Hartford, Hartford, Connecticut, USA",0,,True,1767136688.359923,,
,,True,,"Farmington, Hartford, Connecticut, USA",0,,True,1767136688.3604274,,
,,True,,"Tivoli, Dutchess, New York, USA",0,,True,1767136688.3609326,,
,,True,,"Columbia, Herkimer, New York, USA",0,,True,1767136688.3614318,,
,,True,,"Denison, Grayson, Texas, USA",0,,True,1767136688.3619368,,
,,True,,"Abilene, Dickinson, Kansas, USA",0,,True,1767136688.3629434,,
,,True,,"Boone, Iowa, USA",0,,True,1767136688.3634427,,
,,True,,"San Antonio, Bexar, Texas, USA",0,,True,1767136688.3639462,,
,,True,,"Fort Meade, Anne Arundel, Maryland, USA",0,,True,1767136688.3644514,,
,,True,,"Denver, Colorado, USA",0,,True,1767136688.3654556,,
,,True,,"Trappe, Talbot, Maryland, USA",0,,True,1767136688.3659606,,
,,True,,"Fort Knox, Hardin, Kentucky, USA",0,,True,1767136688.3664606,,
,,True,,"Dallas, Dallas, Texas, USA",0,,True,1767136688.3669648,,
,,True,,"Southampton, Suffolk, New York, USA",0,,True,1767136688.3679705,,
,,True,,"Falmouth, Cumberland, Maine, USA",0,,True,1767136688.368476,,
,,True,,"Otis AF Base, Falmouth, Barnstable, Massachusetts, USA",0,,True,1767136688.3694804,,
,,True,,"Eastchester Town, Westchester, New York, USA",0,,True,1767136688.3699841,,
,,True,,"Hyannis Port, Barnstable, Massachusetts, USA",0,,True,1767136688.3704894,,
,,True,,"Bronxville, Westchester, New York, USA",0,,True,1767136688.3709898,,
,,True,,"Hull, Plymouth, Massachusetts, USA",0,,True,1767136688.3719895,,
,,True,,"Suffolk, England",0,,True,1767136688.3724897,,
,,True,,"Chatsworth house, Derbyshire, England",0,,True,1767136688.372994,,
,,True,,"Ardèche, Rhône-Alpes, France",0,,True,1767136688.3734994,,
,,True,,"Centerville, Barnstable, Massachusetts, USA",0,,True,1767136688.3734994,,
,,True,,"Arlington Cemetery, Arlington, Virginia, USA",0,,True,1767136688.375009,,
,,True,,"Boston, Suffolk, New York, USA",0,,True,1767136688.375009,,
,,True,,"Westminster, Carroll, Maryland, USA",0,,True,1767136688.3760128,,
,,True,,"Bethesda, Montgomery, Maryland, USA",0,,True,1767136688.3765168,,
,,True,,"Riverdale, New York, USA",0,,True,1767136688.377687,,
,,True,,"Palm Beach, Palm Beach, Florida, USA",0,,True,1767136688.378227,,
,,True,,"Omaha, Douglas, Nebraska, USA",0,,True,1767136688.3792312,,
,,True,,"Grand Rapids, Kent, Michigan, USA",0,,True,1767136688.3802347,,
,,True,,"Rancho Mirage, Riverside, California, USA",0,,True,1767136688.380739,,
,,True,,"Glendale, Los Angeles, California, USA",0,,True,1767136688.3817425,,
,,True,,"Tucson, Pima, Arizona, USA",0,,True,1767136688.3827574,,
,,True,,"Harvard, McHenry, Illinois, USA",0,,True,1767136688.3832612,,
,,True,,"Plains, Sumter, Georgia, USA",0,,True,1767136688.3837616,,
,,True,,"Greenway, Charles City, Virginia, USA",0,,True,1767136688.3837616,,
,,True,,"Cedar Grove, New Kent, Virginia, USA",0,,True,1767136688.3847654,,
,,True,,"Cedar Grove Plantation, Clarksville, Mecklenburg, Virginia, USA",0,,True,1767136688.3852704,,
,,True,,"Charles City, Virginia, USA",0,,True,1767136688.3852704,,
,,True,,"Roxbury, New Kent, Virginia, USA",0,,True,1767136688.386274,,
,,True,,"Montgomery, Montgomery, Alabama, USA",0,,True,1767136688.3867779,,
,,True,,"Charles City, Charles City, Virginia, USA",0,,True,1767136688.3877807,,
,,True,,"Providence Forge, New Kent, Virginia, USA",0,,True,1767136688.3877807,,
,,True,,"Williamsburg, Williamsburg, Independent Cities, Virginia, USA",0,,True,1767136688.3887932,,
,,True,,"Baltimore, Independent Cities, Maryland, USA",0,,True,1767136688.3897972,,
,,True,,"Louisville, Jefferson, Kentucky, USA",0,,True,1767136688.3897972,,
,,True,,"Tazewell, Virginia, USA",0,,True,1767136688.3908005,,
,,True,,"Colma, San Mateo, California, USA",0,,True,1767136688.3913047,,
,,True,,"San Francisco, San Francisco, California, USA",0,,True,1767136688.3913047,,
,,True,,"Gardiners Island, Suffolk, New York, USA",0,,True,1767136688.3923798,,
,,True,,"Richmond, Independent Cities, Virginia, USA",0,,True,1767136688.3933878,,
,,True,,"East Hampton, Suffolk, New York, USA",0,,True,1767136688.3938944,,
,,True,,"Sherwood Forest, Charles City, Virginia, USA",0,,True,1767136688.394394,,
,,True,,"New Mexico, USA",0,,True,1767136688.3948927,,
,,True,,"Sherwood Forest, Virginia, USA",0,,True,1767136688.3953924,,
,,True,,"Elliston, Montgomery, Virginia, USA",0,,True,1767136688.3958921,,
,,True,,"James City County, Virginia, USA",0,,True,1767136688.396395,,
,,True,,"Wyoming, Pennsylvania, USA",0,,True,1767136688.3968978,,
,,True,,"Charlottesville, Albemarle, Virginia, USA",0,,True,1767136688.3979013,,
,,True,,"Caldwell, Essex, New Jersey, USA",0,,True,1767136688.398405,,
,,True,,"Princeton, Mercer, New Jersey, USA",0,,True,1767136688.398904,,
,,True,,"Buffalo, Erie, New York, USA",0,,True,1767136688.399405,,
,,True,,"Tamworth, Carroll, New Hampshire, USA",0,,True,1767136688.399904,,
,,True,,"New Hampshire, USA",0,,True,1767136688.4004047,,
,,True,,"Buzzards Bay, Barnstable, Massachusetts, USA",0,,True,1767136688.4009078,,
,,True,,"Redcar, Yorkshire, England",0,,True,1767136688.4019108,,
,,True,,"Exeter, Rockingham, New Hampshire, USA",0,,True,1767136688.4059331,,
,,True,,"Lamar, Barton, Missouri, USA",0,,True,1767136688.4069371,,
,,True,,"Independence, Jackson, Missouri, USA",0,,True,1767136688.407441,,
,,True,,"Kansas City, Jackson, Missouri, USA",0,,True,1767136688.4084997,,
,,True,,"Zebulon, Wake, North Carolina, USA",0,,True,1767136688.4089482,,
,,True,,"Jackson, Missouri, USA",0,,True,1767136688.4094484,,
,,True,,"Grandview, Jackson, Missouri, USA",0,,True,1767136688.409951,,
,,True,,"Lamar Heights, Barton, Missouri, USA",0,,True,1767136688.410454,,
,,True,,"Hyde Park, Dutchess, New York, USA",0,,True,1767136688.4119642,,
,,True,,"Warm Springs, Meriwether, Georgia, USA",0,,True,1767136688.4119642,,
,,True,,"Bronx, Bronx, New York, USA",0,,True,1767136688.4129674,,
,,True,,"Corona Del Mar, Orange, California, USA",0,,True,1767136688.4134727,,
,,True,,"Newport Beach, Orange, California, USA",0,,True,1767136688.4134727,,
,,True,,"Campobello, Charlotte, New Brunswick, Canada",0,,True,1767136688.4149818,,
,,True,,"Birkenhead, Cheshire, England",0,,True,1767136688.4149818,,
,,True,,"Pittsburgh, Allegheny, Pennsylvania, USA",0,,True,1767136688.4159853,,
,,True,,"Elizabeth, Allen, Louisiana, USA",0,,True,1767136688.4164908,,
,,True,,"Majorca, Balearic Islands, Spain",0,,True,1767136688.4164908,,
,,True,,"Wilmington, New Castle, Delaware, USA",0,,True,1767136688.4179993,,
,,True,,"Grosse Pointe, Wayne, Michigan, USA",0,,True,1767136688.4179993,,
,,True,,"Mexico City, Distrito Federal, Mexico",0,,True,1767136688.4190025,,
,,True,,"Waterloo, Black Hawk, Iowa, USA",0,,True,1767136688.419507,,
,,True,,"Waldorf Astoria, New York, New York, New York, USA",0,,True,1767136688.4205108,,
,,True,,"Altadena, Los Angeles, California, USA",0,,True,1767136688.4210148,,
,,True,,"Pasadena, Los Angeles, California, USA",0,,True,1767136688.4210148,,
,,True,,"Portola Valley, San Mateo, California, USA",0,,True,1767136688.422019,,
,,True,,"Staunton, Augusta, Virginia, USA",0,,True,1767136688.422524,,
,,True,,"Washington Cath, Washington, District of Columbia, USA",0,,True,1767136688.423528,,
,,True,,"Rome, Floyd, Georgia, USA",0,,True,1767136688.424032,,
,,True,,"Gainesville, Hall, Georgia, USA",0,,True,1767136688.4250362,,
,,True,,"Pondicherry, India",0,,True,1767136688.4255414,,
,,True,,"Middletown, Middlesex, Connecticut, USA",0,,True,1767136688.4260406,,
,,True,,"Montecito, Santa Barbara, California, USA",0,,True,1767136688.4265444,,
,,True,,"South Bethlehem, Armstrong, Pennsylvania, USA",0,,True,1767136688.4270492,,
,,True,,"Marietta, Cobb, Georgia, USA",0,,True,1767136688.4280522,,
,,True,,"Northampton, Hampshire, Massachusetts, USA",0,,True,1767136688.4285572,,
,,True,,"Burlington, Chittenden, Vermont, USA",0,,True,1767136688.4290576,,
,,True,,"Plainville, Hartford, Connecticut, USA",0,,True,1767136688.430066,,
,,True,,"Mecklenburg, North Carolina, USA",0,,True,1767136688.430066,,
,,True,,"Murfreesboro, Rutherford, Tennessee, USA",0,,True,1767136688.431071,,
,,True,,"Montebello, Nelson, Virginia, USA",0,,True,1767136688.4315763,,
,,True,,"Calvert, Maryland, USA",0,,True,1767136688.4325807,,
,,True,,"Pascagoula, Jackson, Mississippi, USA",0,,True,1767136688.433086,,
,,True,,"Lockport, Niagara, New York, USA",0,,True,1767136688.434143,,
,,True,,"Freiburg, Baden-Württemberg, Germany",0,,True,1767136688.434143,,
,,True,,"St Francisville, West Feliciana, Louisiana, USA",0,,True,1767136688.435147,,
,,True,,"Bayou Sara, West Feliciana, Louisiana, USA",0,,True,1767136688.435652,,
,,True,,"Winchester, Independent Cities, Virginia, USA",0,,True,1767136688.4367132,,
,,True,,"Winchester, Frederick, Virginia, USA",0,,True,1767136688.437351,,
,,True,,"New Orleans, Orleans, Louisiana, USA",0,,True,1767136688.4378564,,
,,True,,"Rhode Island, USA",0,,True,1767136688.438356,,
,,True,,"Fairview, Todd, Kentucky, USA",0,,True,1767136688.4393554,,
,,True,,"St James Parish, Louisiana, USA",0,,True,1767136688.4398546,,
,,True,,"Orange, Virginia, USA",0,,True,1767136688.4403558,,
,,True,,"Louisville, Jefferson, Georgia, USA",0,,True,1767136688.441355,,
,,True,,"Perrysville, Ashland, Ohio, USA",0,,True,1767136688.4418557,,
,,True,,"Green Township, Ashland, Ohio, USA",0,,True,1767136688.4423606,,
,,True,,"Stony Batter, Mercersburg, Franklin, Pennsylvania, USA",0,,True,1767136688.4433644,,
,,True,,"Tyrone, Galway, Ireland",0,,True,1767136688.443868,,
,,True,,"Lemasters, Franklin, Pennsylvania, USA",0,,True,1767136688.444373,,
,,True,,"Lancaster, Lancaster, Pennsylvania, USA",0,,True,1767136688.4448736,,
,,True,,"Greensburg, Westmoreland, Pennsylvania, USA",0,,True,1767136688.445879,,
,,True,,"Franklin, Pennsylvania, USA",0,,True,1767136688.445879,,
,,True,,"Hillsboro, Hillsborough, New Hampshire, USA",0,,True,1767136688.4468818,,
,,True,,"Concord, Merrimack, New Hampshire, USA",0,,True,1767136688.447386,,
,,True,,"Hampton, Rockingham, New Hampshire, USA",0,,True,1767136688.4483893,,
,,True,,"Hillsborough, New Hampshire, USA",0,,True,1767136688.4488935,,
,,True,,"Fairfield, Franklin, Vermont, USA",0,,True,1767136688.4493926,,
,,True,,"Albany, New York, USA",0,,True,1767136688.4498954,,
,,True,,"Culpeper, Culpeper, Virginia, USA",0,,True,1767136688.4503992,,
,,True,,"Menands, Albany, New York, USA",0,,True,1767136688.4514027,,
,,True,,"Englewood, Bergen, New Jersey, USA",0,,True,1767136688.4519072,,
,,True,,"Colorado Springs, El Paso, Colorado, USA",0,,True,1767136688.4519072,,
,,True,,"Mount Kisco, Westchester, New York, USA",0,,True,1767136688.4529092,,
,,True,,"West Chester, Chester, Pennsylvania, USA",0,,True,1767136688.4534135,,
,,True,,"Point Pleasant, Clermont, Ohio, USA",0,,True,1767136688.4544163,,
,,True,,"Grants Tomb, Riverside Park, New York, New York, New York, USA",0,,True,1767136688.4544163,,
,,True,,"Mount McGregor, Moreau, Saratoga, New York, USA",0,,True,1767136688.455962,,
,,True,,"White Haven, St Louis, Missouri, USA",0,,True,1767136688.456461,,
,,True,,"Bethel, Clermont, Ohio, USA",0,,True,1767136688.456965,,
,,True,,"San Diego, San Diego, California, USA",0,,True,1767136688.4574685,,
,,True,,"Sandberg, Los Angeles, California, USA",0,,True,1767136688.458472,,
,,True,,"Washington, Wisconsin, USA",0,,True,1767136688.4589763,,
,,True,,"Hardscrabble, Somerset, New Jersey, USA",0,,True,1767136688.459476,,
,,True,,"Los Altos, Santa Clara, California, USA",0,,True,1767136688.4604821,,
,,True,,"Adrian, Lenawee, Michigan, USA",0,,True,1767136688.4604821,,
,,True,,"San Diego, California, USA",0,,True,1767136688.4614859,,
,,True,,"Capri, Napoli, Campania, Italy",0,,True,1767136688.4619904,,
,,True,,"Warwick, Cecil, Maryland, USA",0,,True,1767136688.4629927,,
,,True,,"Orange, Ashland, Ohio, USA",0,,True,1767136688.4634962,,
,,True,,"Lakeview Cemetery, Cleveland, Cuyahoga, Ohio, USA",0,,True,1767136688.4634962,,
,,True,,"Elberon, Monmouth, New Jersey, USA",0,,True,1767136688.4650052,,
,,True,,"Cleveland, Cuyahoga, Ohio, USA",0,,True,1767136688.4650052,,
,,True,,"Garrettsville, Portage, Ohio, USA",0,,True,1767136688.466008,,
,,True,,"Hiram, Portage, Ohio, USA",0,,True,1767136688.4665127,,
,,True,,"Williamstown, Berkshire, Massachusetts, USA",0,,True,1767136688.4675155,,
,,True,,"Mentor, Lake, Ohio, USA",0,,True,1767136688.4675155,,
,,True,,"Falmouth, Barnstable, Massachusetts, USA",0,,True,1767136688.4685292,,
,,True,,USA,0,,True,1767136688.4695334,,
,,True,,"Spiegel Grove, Fremont, Sandusky, Ohio, USA",0,,True,1767136688.4695334,,
,,True,,"Delaware, Delaware, Indiana, USA",0,,True,1767136688.4760559,,
,,True,,"Fremont, Sandusky, Ohio, USA",0,,True,1767136688.4765592,,
,,True,,"Chillicothe, Ross, Ohio, USA",0,,True,1767136688.4770646,,
,,True,,"Toledo, Lucas, Ohio, USA",0,,True,1767136688.478069,,
,,True,,"Marion, Ohio, USA",0,,True,1767136688.4790738,,
,,True,,"Tampa, Hillsborough, Florida, USA",0,,True,1767136688.4796333,,
,,True,,"Charleston, Kanawha, West Virginia, USA",0,,True,1767136688.4806366,,
,,True,,"Lewiston, Androscoggin, Maine, USA",0,,True,1767136688.4811418,,
,,True,,"Croton-on-Hudson, Westchester, New York, USA",0,,True,1767136688.4821453,,
,,True,,"Erie, Ohio, USA",0,,True,1767136688.4826503,,
,,True,,"Clearwater, Pinellas, Florida, USA",0,,True,1767136688.4836535,,
,,True,,"Niles, Trumbull, Ohio, USA",0,,True,1767136688.4841588,,
,,True,,"Canton, Stark, Ohio, USA",0,,True,1767136688.4841588,,
,,True,,"Wolf Creek, Mercer, Pennsylvania, USA",0,,True,1767136688.4856668,,
,,True,,"Lisbon, Columbiana, Ohio, USA",0,,True,1767136688.4856668,,
,,True,,"Bryn Mawr, Montgomery, Pennsylvania, USA",0,,True,1767136688.4872332,,
,,True,,"Waterbury, New Haven, Connecticut, USA",0,,True,1767136688.4877324,,
,,True,,"East Baintree, Norfolk, Massachusetts, USA",0,,True,1767136688.4887412,,
,,True,,St Kitts and Nevis,0,,True,1767136688.4897463,,
,,True,,"Winona, Minnesota, USA",0,,True,1767136688.4902515,,
,,True,,"Blooming Grove, Richland, Ohio, USA",0,,True,1767136688.4912558,,
,,True,,"Marion, Marion, Ohio, USA",0,,True,1767136688.49176,,
,,True,,"Howard, Knox, Ohio, USA",0,,True,1767136688.492765,,
,,True,,"Welches, Clackamas, Oregon, USA",0,,True,1767136688.49327,,
,,True,,"Asbury Park, Monmouth, New Jersey, USA",0,,True,1767136688.49327,,
,,True,,"Quincy, Norfolk, Massachusetts, USA",0,,True,1767136688.494779,,
,,True,,"Speaker's Room, Congress, Washington, District of Columbia, USA",0,,True,1767136688.494779,,
,,True,,"Long Island City, Queens, New York, USA",0,,True,1767136688.4957833,,
,,True,,"Lebanon, Madison, New York, USA",0,,True,1767136688.4962885,,
,,True,,"Kent, England",0,,True,1767136688.497293,,
,,True,,"Berlin, Berlin, Germany",0,,True,1767136688.4977982,,
,,True,,"Saint Petersburg, Russia",0,,True,1767136688.4988022,,
,,True,,"Medford, Middlesex, Massachusetts, USA",0,,True,1767136688.4993072,,
,,True,,"Shadwell, Albemarle, Virginia, USA",0,,True,1767136688.50031,,
,,True,,"Monticello, Charlottesville, Albemarle, Virginia, USA",0,,True,1767136688.5008152,,
,,True,,"Charlottesville, Independent Cities, Virginia, USA",0,,True,1767136688.501878,,
,,True,,"Richmond, Henrico, Virginia, USA",0,,True,1767136688.502384,,
,,True,,"Eppington, Winterpock, Chesterfield, Virginia, USA",0,,True,1767136688.5034957,,
,,True,,"Tuckahoe, Goochland, Virginia, USA",0,,True,1767136688.5038917,,
,,True,,"City Point, Virginia, USA",0,,True,1767136688.5048947,,
,,True,,"Millbrook, Buckingham, Virginia, USA",0,,True,1767136688.5053995,,
,,True,,"Chesterfield, Virginia, USA",0,,True,1767136688.5064545,,
,,True,,"Goochland, Virginia, USA",0,,True,1767136688.5064545,,
,,True,,"Goochland, Goochland, Virginia, USA",0,,True,1767136688.5074577,,
,,True,,"Dunlora, Virginia, USA",0,,True,1767136688.507963,,
,,True,,"Henrico, Virginia, USA",0,,True,1767136688.508967,,
,,True,,"Tuckahoe, Henrico, Virginia, USA",0,,True,1767136688.5094707,,
,,True,,"Port Conway, King George, Virginia, USA",0,,True,1767136688.5104744,,
,,True,,"Montpelier Station, Orange, Virginia, USA",0,,True,1767136688.5109785,,
,,True,,"Guilford, North Carolina, USA",0,,True,1767136688.5119808,,
,,True,,"Loudoun, Virginia, USA",0,,True,1767136688.5124846,,
,,True,,"Paris, Île-de-France, France",0,,True,1767136688.5124846,,
,,True,,"Aldie, Loudoun, Virginia, USA",0,,True,1767136688.5134878,,
,,True,,"Williamsburg, James City County, Virginia, USA",0,,True,1767136688.5145001,,
,,True,,"Waxhaws, South Carolina, USA",0,,True,1767136688.515004,,
,,True,,"Pittsylvania, Virginia, USA",0,,True,1767136688.515504,,
,,True,,"The Hermitage, Nashville, Davidson, Tennessee, USA",0,,True,1767136688.5165067,,
,,True,,"Kinderhook, Columbia, New York, USA",0,,True,1767136688.5170107,,
,,True,,"Lindenwald, Kinderhook, Columbia, New York, USA",0,,True,1767136688.5180151,,
,,True,,"Albany, Albany, New York, USA",0,,True,1767136688.5185208,,
,,True,,"Columbia, New York, USA",0,,True,1767136688.519524,,
,,True,,"Hudson, New Jersey, USA",0,,True,1767136688.5200284,,
,,True,,"Paris, Paris, Île-de-France, France",0,,True,1767136688.521032,,
,,True,,"Beacon, Dutchess, New York, USA",0,,True,1767136688.5215373,,
,,True,,"Sumter, South Carolina, USA",0,,True,1767136688.5225399,,
,,True,,"Bournemouth, Hampshire, England",0,,True,1767136688.5230432,,
,,True,,"Stonewall, Gillespie, Texas, USA",0,,True,1767136688.5230432,,
,,True,,"Karnack, Harrison, Texas, USA",0,,True,1767136688.5245502,,
,,True,,"Austin, Travis, Texas, USA",0,,True,1767136688.5245502,,
,,True,,"Locke, Cayuga, New York, USA",0,,True,1767136688.5260587,,
,,True,,"Stillwater, Saratoga, New York, USA",0,,True,1767136688.5270634,,
,,True,,"Morristown, Morris, New Jersey, USA",0,,True,1767136688.5275679,,
,,True,,"Bennington, Bennington, Vermont, USA",0,,True,1767136688.528577,,
,,True,,"East Aurora, Erie, New York, USA",0,,True,1767136688.5290766,,
,,True,,"Aurora, Cayuga County, New York, USA",0,,True,1767136688.5295794,,
,,True,,"Scott, Virginia, USA",0,,True,1767136688.5305839,,
,,True,,"Hanover, Virginia, USA",0,,True,1767136688.5315926,,
,,True,,"Wake, North Carolina, USA",0,,True,1767136688.5320928,,
,,True,,"Carlisle, Cumberland, England",0,,True,1767136688.5331018,,
,,True,,"Tyrone, Northern Ireland",0,,True,1767136688.5336006,,
,,True,,"Pikeville, Bledsoe, Tennessee, USA",0,,True,1767136688.534161,,
,,True,,"Orange, North Carolina, USA",0,,True,1767136688.5351655,,
,,True,,"Washington, Indiana, USA",0,,True,1767136688.5356705,,
,,True,,"El Dorado, California, USA",0,,True,1767136688.5367978,,
,,True,,"Hockessin, New Castle, Delaware, USA",0,,True,1767136688.5376785,,
,,True,,"London Grove, Chester, Pennsylvania, USA",0,,True,1767136688.5381818,,
,,True,,"Sullivan, Tennessee, USA",0,,True,1767136688.539186,,
,,True,,"Carter, Tennessee, USA",0,,True,1767136688.5396898,,
,,True,,"Holywell, Herefordshire, England",0,,True,1767136688.540195,,
,,True,,"Westminster, London, England",0,,True,1767136688.541252,,
,,True,,"Spartanburg, Spartanburg, South Carolina, USA",0,,True,1767136688.5422552,,
,,True,,"Honolulu, Honolulu, Hawaii, USA",0,,True,1767136688.5427585,,
,,True,,"Midland, Midland, Texas, USA",0,,True,1767136688.5437622,,
,,True,,"White Marsh, Gloucester, Virginia, USA",0,,True,1767136688.5442657,,
,,True,,"Gallatin, Sumner, Tennessee, USA",0,,True,1767136688.5452693,,
,,True,,"Narragansett Pier, Washington, Rhode Island, USA",0,,True,1767136688.5457726,,
,,True,,"Columbus, Muscogee, Georgia, USA",0,,True,1767136688.5457726,,
,,True,,"Boone, Boone, Illinois, USA",0,,True,1767136688.5472786,,
,,True,,"Denver, Denver, Colorado, USA",0,,True,1767136688.5472786,,
,,True,,"Autauga, Alabama, USA",0,,True,1767136688.548787,,
,,True,,"Scottsville, Harrison, Texas, USA",0,,True,1767136688.5548136,,
,,True,,"Harrison, Texas, USA",0,,True,1767136688.5548136,,
,,True,,"Marshall, Harrison, Texas, USA",0,,True,1767136688.556321,,
,,True,,"Frankfurt am Main, Frankfurt am Main, Hessen, Germany",0,,True,1767136688.556321,,
,,True,,"Artesia, Los Angeles, California, USA",0,,True,1767136688.557827,,
,,True,,"Port Byron, Rock Island, Illinois, USA",0,,True,1767136688.557827,,
,,True,,"Long Island City, Queens County, New York, USA",0,,True,1767136688.5588295,,
,,True,,"Wayne, Ohio, USA",0,,True,1767136688.5593333,,
,,True,,"Wooster, Wayne, Ohio, USA",0,,True,1767136688.5603359,,
,,True,,"Millwood, Knox, Ohio, USA",0,,True,1767136688.5608394,,
,,True,,"Fullerton, Orange, California, USA",0,,True,1767136688.5618424,,
,,True,,"Orange, California, USA",0,,True,1767136688.5623474,,
,,True,,"Richland, Vinton, Ohio, USA",0,,True,1767136688.56335,,
,,True,,"California, USA",0,,True,1767136688.5638533,,
,,True,,"Lima, Delaware, Pennsylvania, USA",0,,True,1767136688.5648565,,
,,True,,"Chester, Delaware, Pennsylvania, USA",0,,True,1767136688.5658603,,
,,True,,"Landwade, Suffolk, England",0,,True,1767136688.5663633,,
,,True,,"Wallington, Hertfordshire, England",0,,True,1767136688.5668666,,
,,True,,"Ludgershall, Wiltshire, England",0,,True,1767136688.5678694,,
,,True,,"Hornell, Steuben, New York, USA",0,,True,1767136688.5678694,,
,,True,,"Overpeck, Butler, Ohio, USA",0,,True,1767136688.5693862,,
,,True,,"Oxford, Calhoun, Alabama, USA",0,,True,1767136688.57039,,
,,True,,"Beaver, Beaver, Pennsylvania, USA",0,,True,1767136688.5708942,,
,,True,,France,0,,True,1767136688.5713937,,
,,True,,"Fredericksburg, Independent Cities, Virginia, USA",0,,True,1767136688.5724006,,
,,True,,"Hatteras, Dare, North Carolina, USA",0,,True,1767136688.573405,,
,,True,,"Hartford, Windsor, Vermont, USA",0,,True,1767136688.5739093,,
,,True,,"Portage, Ohio, USA",0,,True,1767136688.574914,,
,,True,,"Pickaway, Ohio, USA",0,,True,1767136688.575419,,
,,True,,"Santa Barbara, Santa Barbara, California, USA",0,,True,1767136688.576423,,
,,True,,"Salem Center, Westchester, New York, USA",0,,True,1767136688.5774274,,
,,True,,"Thermal, Riverside, California, USA",0,,True,1767136688.57793,,
,,True,,"Berkeley, Alameda, California, USA",0,,True,1767136688.5789344,,
,,True,,"Tokyo, Tokyo, Japan",0,,True,1767136688.579935,,
,,True,,"Santa Monica, Los Angeles, California, USA",0,,True,1767136688.580435,,
,,True,,"Preston, Lancashire, England",0,,True,1767136688.5814428,,
,,True,,"St Louis, Independent Cities, Missouri, USA",0,,True,1767136688.5814428,,
,,True,,"Cumberland, Allegany, Maryland, USA",0,,True,1767136688.5830026,,
,,True,,"Liberty Heights, Fayette, Kentucky, USA",0,,True,1767136688.5830026,,
,,True,,"Amherst, Hillsborough, New Hampshire, USA",0,,True,1767136688.5845103,,
,,True,,"Brunswick, Cumberland, Maine, USA",0,,True,1767136688.5845103,,
,,True,,"Maine, USA",0,,True,1767136688.586018,,
,,True,,"Southold, Suffolk, New York, USA",0,,True,1767136688.5870218,,
,,True,,"Walpack, Sussex, New Jersey, USA",0,,True,1767136688.5875268,,
,,True,,"Wallpack Center, Sussex, New Jersey, USA",0,,True,1767136688.5885308,,
,,True,,"Cook, Illinois, USA",0,,True,1767136688.589035,,
,,True,,"Kalamazoo, Kalamazoo, Michigan, USA",0,,True,1767136688.590043,,
,,True,,"Hollywood, Broward, Florida, USA",0,,True,1767136688.5910478,,
,,True,,"Elkhart, Elkhart, Indiana, USA",0,,True,1767136688.5915527,,
,,True,,"Wichita, Kansas, USA",0,,True,1767136688.5925558,,
,,True,,"Rachuonyo, Nyang'oma, Nyanza, Kenya",0,,True,1767136688.59306,,
,,True,,"Nairobi, Nairobi Area, Kenya",0,,True,1767136688.5940635,,
,,True,,"Putneys Mill, New Kent, Virginia, USA",0,,True,1767136688.5950687,,
,,True,,"Eastville, Northampton, Virginia, USA",0,,True,1767136688.595569,,
,,True,,"Clarksburg, Harrison, West Virginia, USA",0,,True,1767136688.5965683,,
,,True,,"Philadelphia, Philadelphia, Pennsylvania, USA",0,,True,1767136688.5975773,,
,,True,,"Accomack, Virginia, USA",0,,True,1767136688.5980763,,
,,True,,"Hermitage, Davidson, Tennessee, USA",0,,True,1767136688.5990846,,
,,True,,"Schenectady, Schenectady, New York, USA",0,,True,1767136688.5995843,,
,,True,,"Fort Washington, Prince George's, Maryland, USA",0,,True,1767136688.6005924,,
,,True,,"Decaturville, Decatur, Tennessee, USA",0,,True,1767136688.601597,,
,,True,,"Decatur, Tennessee, USA",0,,True,1767136688.6021008,,
,,True,,"Yates City, Knox, Illinois, USA",0,,True,1767136688.603101,,
,,True,,"Monmouth, Warren, Illinois, USA",0,,True,1767136688.6041007,,
,,True,,"Emporium, Cameron, Pennsylvania, USA",0,,True,1767136688.6046042,,
,,True,,"Swissmont, Elk, Pennsylvania, USA",0,,True,1767136688.605608,,
,,True,,"Thal, Steiermark, Austria",0,,True,1767136688.6061115,,
,,True,,"Texarkana, Miller, Arkansas, USA",0,,True,1767136688.6071174,,
,,True,,"Nevada, Arkansas, USA",0,,True,1767136688.6081235,,
,,True,,"Harris, Georgia, USA",0,,True,1767136688.6086233,,
,,True,,"Craven, North Carolina, USA",0,,True,1767136688.6096237,,
,,True,,"Kennington, Surrey, England",0,,True,1767136688.6106272,,
,,True,,"Redstone, Fayette, Pennsylvania, USA",0,,True,1767136688.611631,,
,,True,,"Abington, Lackawanna, Pennsylvania, USA",0,,True,1767136688.6121316,,
,,True,,"Jennings, Indiana, USA",0,,True,1767136688.6131372,,
,,True,,"Baltimore Highlands, Baltimore, Maryland, USA",0,,True,1767136688.6136372,,
,,True,,"Fermanagh Township, Juniata, Pennsylvania, USA",0,,True,1767136688.614645,,
,,True,,"Northumberland, Pennsylvania, USA",0,,True,1767136688.6151466,,
,,True,,"Joppa, Harford, Maryland, USA",0,,True,1767136688.6161547,,
,,True,,"Sadsbury, Chester, Pennsylvania, USA",0,,True,1767136688.616655,,
,,True,,"Timahoe, Kildare, Ireland",0,,True,1767136688.6176617,,
,,True,,"Washington, Kentucky, USA",0,,True,1767136688.6186657,,
,,True,,"Concord, Butler, Pennsylvania, USA",0,,True,1767136688.6191692,,
,,True,,"Huntington, Suffolk, New York, USA",0,,True,1767136688.620172,,
,,True,,"Wiltshire, England",0,,True,1767136688.6206763,,
,,True,,"Elvington, Yorkshire, England",0,,True,1767136688.62168,,
,,True,,"Aston le Walls, Northamptonshire, England",0,,True,1767136688.6221836,,
,,True,,"Newnham, Northamptonshire, England",0,,True,1767136688.6231863,,
,,True,,"Randolph, Missouri, USA",0,,True,1767136688.6236901,,
,,True,,"Henry, Kentucky, USA",0,,True,1767136688.6246939,,
,,True,,"Troy, Albany, New York, USA",0,,True,1767136688.6251986,,
,,True,,"Kingston, Ulster, New York, USA",0,,True,1767136688.6262627,,
,,True,,"Waterford, Saratoga, New York, USA",0,,True,1767136688.627309,,
,,True,,"Plainfield, Windham, Connecticut, USA",0,,True,1767136688.6278098,,
,,True,,"Knoxville, Knox, Tennessee, USA",0,,True,1767136688.628813,,
,,True,,"St. Andrew's Church, Clifton, Bristol, Gloucestershire, England",0,,True,1767136688.629318,,
,,True,,"St Thomas Church, New York, New York, New York, USA",0,,True,1767136688.6303208,,
,,True,,"Warrensburg, Greene, Tennessee, USA",0,,True,1767136688.6308262,,
,,True,,"Hot Springs, Madison, North Carolina, USA",0,,True,1767136688.6323354,,
,,True,,"Roswell, Fulton, Georgia, USA",0,,True,1767136688.6323354,,
,,True,,"Madrid, Madrid, Madrid, Spain",0,,True,1767136688.6398807,,
,,True,,"Fort Monroe, Elizabeth, Virginia, USA",0,,True,1767136688.6413896,,
,,True,,"Newport, Rhode Island, USA",0,,True,1767136688.6428988,,
,,True,,"Kent, Michigan, USA",0,,True,1767136688.6433978,,
,,True,,"Ch of Ascension, New York, New York, New York, USA",0,,True,1767136688.644405,,
,,True,,"Bristol, Bucks, Pennsylvania, USA",0,,True,1767136688.6454082,,
,,True,,"Westminster, Abbey, London, England",0,,True,1767136688.6459131,,
,,True,,"Independence, Clay, Missouri, USA",0,,True,1767136688.6474216,,
,,True,,"Malibu, Los Angeles, California, USA",0,,True,1767136688.6484256,,
,,True,,"Los Angeles, California, USA",0,,True,1767136688.649429,,
,,True,,"Burlington, Des Moines, Iowa, USA",0,,True,1767136688.6499326,,
,,True,,"Colorado, USA",0,,True,1767136688.65094,,
,,True,,"Miami Beach, Miami-Dade, Florida, USA",0,,True,1767136688.651944,,
,,True,,"Qualicum Beach, British Columbia, Canada",0,,True,1767136688.6524472,,
,,True,,"Dutchess, New York, USA",0,,True,1767136688.6534512,,
,,True,,"Nahant, Essex, Massachusetts, USA",0,,True,1767136688.6544597,,
,,True,,"Monterey, California, USA",0,,True,1767136688.6549604,,
,,True,,"Stanford, Santa Clara, California, USA",0,,True,1767136688.6559687,,
,,True,,"Prairie du Chien, Crawford, Wisconsin, USA",0,,True,1767136688.656973,,
,,True,,"Calvary Church, New York, New York, New York, USA",0,,True,1767136688.6579773,,
,,True,,"Shaker Heights, Cuyahoga, Ohio, USA",0,,True,1767136688.6589856,,
,,True,,"Harewood, Jefferson, West Virginia, USA",0,,True,1767136688.6594846,,
,,True,,"Trinity E Church, New York, New York, New York, USA",0,,True,1767136688.6599886,,
,,True,,"Davidson, Tennessee, USA",0,,True,1767136688.6615355,,
,,True,,"Catskill, Greene, New York, USA",0,,True,1767136688.6615355,,
,,True,,"Spotsylvania, Virginia, USA",0,,True,1767136688.6630435,,
,,True,,"Washington, Tennessee, USA",0,,True,1767136688.664048,,
,,True,,"Madison, Mississippi, USA",0,,True,1767136688.664552,,
,,True,,"Midland, Texas, USA",0,,True,1767136688.6655555,,
,,True,,"Richland, Ohio, USA",0,,True,1767136688.6660604,,
,,True,,"Minnesota, USA",0,,True,1767136688.66757,,
,,True,,"Cattaraugus, New York, USA",0,,True,1767136688.66757,,
,,True,,"Smith Twp., Washington, Pennsylvania, USA",0,,True,1767136688.7123458,,
,,True,,"Smith, Washington, Pennsylvania, USA",0,,True,1767136688.7153628,,
,,True,,"Chester, Pennsylvania, USA",0,,True,1767136688.7218885,,
,,True,,"Alglen, Chester, Pennsylvania, USA",0,,True,1767136688.7269137,,
,,True,,"Salisbury, Lancaster, Pennsylvania, USA",0,,True,1767136688.7279224,,
,,True,,"East Caln, Chester, Pennsylvania, USA",0,,True,1767136688.7289252,,
,,True,,"Warrington, York, Pennsylvania, USA",0,,True,1767136688.7309382,,
,,True,,"Kennebunkport, York, Maine, USA",0,,True,1767136688.774654,,
,,True,,"Bourbon, Kentucky, USA",0,,True,1767136688.77616,,
,,True,,"Bucks, Pennsylvania, USA",0,,True,1767136688.7786713,,
,,True,,"St. Stephan's, Cecil, Maryland, USA",0,,True,1767136688.7847025,,
,,True,,"South Hadley, Hampshire, Massachusetts, USA",0,,True,1767136688.8306694,,
,,True,,"Hyannis, Barnstable, Massachusetts, USA",0,,True,1767136688.8623905,,
,,True,,"The Forest, Charles City, Virginia, USA",0,,True,1767136688.9543107,,
,,True,,"Monroe's Creek, Westmoreland, Virginia, USA",0,,True,1767136688.962845,,
,,True,,"Pittsfield, Berkshire County, Massachusetts, USA",0,,True,1767136688.974399,,
,,True,,"Oyster Bay Cove, Nassau, New York, USA",0,,True,1767136688.9875734,,
,,True,,"Palo Alto, Santa Clara, California, USA",0,,True,1767136688.9875734,,
,,True,,"Braintree, Norfolk, Massachusetts, USA",0,,True,1767136689.0032787,,
