country_code,found_country,longitude,address,latitude,country_name,used,continent,alt_addr,timestamp,no_result
US,True,-71.0578303,"Boston, MA",42.3588336,United States,0,North America,,,
US,True,-70.2983549,"Hyannis Port, MA",41.6334445,United States,0,North America,,,
US,True,-71.1667898,"Holyhood Cemetery, Brookline, MA",42.3204659,United States,0,North America,,,
US,True,-71.0544954,"North End, Boston, MA",42.3650974,United States,0,North America,,,
GB,True,1.0465716,"Suffolk, England",52.2410014,England,0,Europe,,,
BE,True,4.6667145,Belgium,50.6402809,Belgium,0,Europe,,,
FR,True,1.8883335,France,46.603354,France,0,Europe,,,
US,True,-76.9959168,"Westminster, MD",39.5751717,United States,0,North America,,,
US,True,-77.0365427,"Washington, DC",38.8950368,United States,0,North America,,,
US,True,-118.242766,"Los Angeles, CA",34.0536909,United States,0,North America,,,
US,True,-77.0691117,"Arlington National, VA",38.8785384,United States,0,North America,,,
US,True,-74.0060152,New York,40.7127281,United States,0,North America,,,
US,True,-71.1187829,"Brookline, MA",42.332918,United States,0,North America,,,
IE,True,-6.1862109,"Dunganstown, Ireland",53.5201846,Ireland,0,Europe,,,
US,True,-71.0694673,"Cathedral Of The Holy Cross, MA",42.340733,United States,0,North America,,,
US,True,-75.8449946,"Lennox Hill Hosp., NY",43.1561681,United States,0,North America,,,
US,True,-75.8449946,"St. Philomena's Cemetery, NY",43.1561681,United States,0,North America,,,
US,True,-96.7968559,"Dallas, TX",32.7762719,United States,0,North America,,,
US,True,-73.0994297,"Southampton, Long Island, NY",40.8514971,United States,0,North America,,,
US,True,-74.0060152,"NYC, NY",40.7127281,United States,0,North America,,,
ZA,True,29.4215212,St. Patricks Cathedral,-30.5458903,South Africa,0,Africa,,,
US,True,-72.032366,"Otis Air Force B, Mass",42.3788774,United States,0,North America,,,
US,True,-71.0578303,"Boston, Mass",42.3588336,United States,0,North America,,,
GB,True,-0.1277653,London,51.5074456,United Kingdom,0,Europe,,,
US,True,-73.6284598,"Greenwich, Connecticut",41.0264862,United States,0,North America,,,
US,True,-71.0694673,"Holy Cross Cathedral, Boston, MA",42.340733,United States,0,North America,,,
US,True,-71.3137707,"Newport, RI",41.4899827,United States,0,North America,,,
US,True,-70.2983549,"Hyannis Port, MA ",41.6334445,United States,0,North America,,,
US,True,-76.9161654,"Wakefield, Popes Creek, Westmoreland, Virginia",38.1859162,United States,0,North America,,,
US,True,-77.0888199,"Mount Vernon, Fairfax, Virginia",38.710179,United States,0,North America,,,
US,True,-76.7567355,"Bridge's Creek, Westmoreland, Virginia",38.1153203,United States,0,North America,,,
US,True,-77.175356,"Ferry Farm, King George, Virginia",38.2786312,United States,0,North America,,,
US,True,-76.5258553,"Of, Epping Forest, Lancaster, Virginia",37.7913044,United States,0,North America,,,
US,True,-76.9491371,"Wakefield, Westmoreland, Virginia",38.1720754,United States,0,North America,,,
US,True,-77.9961275,"""Western View"", Culpeper, Virginia",38.4733823,United States,0,North America,,,
US,True,-76.9275638,"Bridge Creek, Westmoreland, Virginia",38.1911773,United States,0,North America,,,
US,True,-77.4898499,"Bridge Creek, Westmorland, Virginia",38.2175382,United States,0,North America,,,
US,True,-77.6741751,"Offredericksburg, Spotsylvania, VA",38.1880936,United States,0,North America,,,
GB,True,-3.5885335,"""Whitehaven"", England",54.5474199,England,0,Europe,,,
GB,True,-3.5930267,"Whitehaven, Cumberland, VA",54.4957033,United Kingdom,0,Europe,,,
US,True,-77.175356,"Bridges Creek, King George, VA",38.2786312,United States,0,North America,,,
VA,True,12.4528527,", , VA",41.903411,Vatican City,0,Europe,,,
US,True,-76.4723233,"Millenkick, Lancaster, Virginia",37.7625738,United States,0,North America,,,
US,True,-76.4723233,"Oakley, Lancaster, Virginia",37.7625738,United States,0,North America,,,
US,True,-77.175356,", King George, Virginia",38.2786312,United States,0,North America,,,
US,True,-77.175356,"Ferry Far, King George, Virginia",38.2786312,United States,0,North America,,,
US,True,-77.4579783,", , Stafford, Virginia",38.4167265,United States,0,North America,,,
VA,True,12.4528527,VA,41.903411,Vatican City,0,Europe,,,
US,True,-76.570956,"""Bewdley"", Lancaster Co, VA",37.7665507,United States,0,North America,,,
GB,True,-1.1833205,"Sulgrave Manor, England",52.1057594,England,0,Europe,,,
US,True,-77.4579783,", Stafford Co., Va.",38.4167265,United States,0,North America,,,
US,True,-91.46261,", St Mary, Maryland",29.7124309,United States,0,North America,,,
US,True,-76.7567355,"Lower Machodc, Westmoreland Co., Vi.",38.1153203,United States,0,North America,,,
US,True,-76.9346553,"Wash.Hm.Stead, Nr.Popes Creek, Westmoreland Co., Vi.",38.1779105,United States,0,North America,,,
US,True,-76.895924,", Surry Co, VA",37.1118778,United States,0,North America,,,
US,True,-76.7567355,", Westmoreland, VA",38.1153203,United States,0,North America,,,
US,True,-77.5320322,", Of Glouster, VA",38.2971472,United States,0,North America,,,
US,True,-76.4746982,"Warner Hall, Gloucester Co, VA",37.3396678,United States,0,North America,,,
US,True,-76.4746982,"Warner Hall, Gloucester, VA",37.3396678,United States,0,North America,,,
US,True,-78.2469202,", Cumberland, VA",37.5004191,United States,0,North America,,,
US,True,-78.2469202,"Cumberland, VA",37.5004191,United States,0,North America,,,
US,True,-76.4723233,"Lancaster Co., VA.",37.7625738,United States,0,North America,,,
US,True,-76.5594479,"Gloucester Co., VA.",37.4452288,United States,0,North America,,,
US,True,-76.5594479,"Gloucester, VA.",37.4452288,United States,0,North America,,,
VA,True,12.4528527,"Gloucesterco, VA",41.903411,Vatican City,0,Europe,,,
GB,True,-1.9032487,", , Wiltshire, England",51.324162,England,0,Europe,,,
US,True,-76.4885612,"Millenbeck, Lancaster Co., Virginia",37.6698613,United States,0,North America,,,
US,True,-76.4885612,"Millenbeck, Lancaster, VA",37.6698613,United States,0,North America,,,
US,True,-76.4885612,", Millenbeck, Lancaster, VA",37.6698613,United States,0,North America,,,
GB,True,-0.0919983,"London, London, England",51.5156177,England,0,Europe,,,
US,True,-76.4885612,", Millenbeck, Lancaster, Virginia",37.6698613,United States,0,North America,,,
GB,True,-1.2649062,", , England",52.5310214,England,0,Europe,,,
US,True,-77.43428,", Richmond, Virginia",37.5385087,United States,0,North America,,,
ES,True,0.8493534,Infant,40.9985238,Spain,0,Europe,,,
US,True,-78.4927721,", , Virginia",37.1232245,United States,0,North America,,,
US,True,-76.5307823,", Nansemond, VA",36.7670938,United States,0,North America,,,
NL,True,5.6343227,", , , Holland",52.2434979,Netherlands,0,Europe,,,
US,True,-76.5343958,"Christchurch, Middlesex, VA.",37.6048617,United States,0,North America,,,
US,True,-76.5904374,", Middlesex, VA",37.6221412,United States,0,North America,,,
US,True,-76.5904374,", Middlesex, Virginia",37.6221412,United States,0,North America,,,
US,True,-78.4927721,", Middlesex Cnty, Virginia",37.1232245,United States,0,North America,,,
US,True,-77.175356,", King George Co., VA",38.2786312,United States,0,North America,,,
US,True,-76.9326385,", Essex, VA",37.9140592,United States,0,North America,,,
US,True,-76.5463678,"Christ Church, Middlesex, VA",37.609715,United States,0,North America,,,
GB,True,-1.1915121,"Sulgrave, Northamptonshire, England",52.1061958,England,0,Europe,,,
GB,True,0.6791849,"Maldon, Essex, , England",51.731198,England,0,Europe,,,
GB,True,-0.9028043,"Little Creston, Northampton, England",52.2343297,England,0,Europe,,,
GB,True,-2.7151735,"Tring, Hereford, England",52.0553813,England,0,Europe,,,
GB,True,-0.9477577,"Spratton, Northamptonshire, England",52.3228736,England,0,Europe,,,
GB,True,-1.2649062,"Twing Hert, , , England",52.5310214,England,0,Europe,,,
GB,True,-1.2649062,England,52.5310214,England,0,Europe,,,
GB,True,-0.6609205,"Tring, Herts",51.7940357,United Kingdom,0,Europe,,,
US,True,-78.4927721,Virginia,37.1232245,United States,0,North America,,,
US,True,-76.7567355,"The Cliffs, Westmoreland, VA",38.1153203,United States,0,North America,,,
GB,True,-2.301999,", Of Gloucester, England",51.9610563,England,0,Europe,,,
GB,True,-2.2553694,"Bristol, Gloucestershire, Eng",51.8527674,United Kingdom,0,Europe,,,
GB,True,-2.5972985,"Briston, , , England",51.4538022,England,0,Europe,,,
GB,True,-2.5972985,"Bristol, , , England",51.4538022,England,0,Europe,,,
US,True,-76.6077923,", St. Marys Co., MD",38.412926,United States,0,North America,,,
US,True,-76.7567355,", Westmoreland Co., VA",38.1153203,United States,0,North America,,,
US,True,-76.9382069,"St. Mary'S Par., Maryland",39.5162401,United States,0,North America,,,
US,True,-76.5389973,", St Mary'S, MD",38.206621,United States,0,North America,,,
GB,True,-1.2649062,Eng,52.5310214,United Kingdom,0,Europe,,,
GB,True,-1.2649062,"Norfolkshire, England",52.5310214,England,0,Europe,,,
GB,True,-2.2075841,"Stone Edge, Lancashire, England",53.8633908,England,0,Europe,,,
US,True,-76.4746982,"Warner Hall, Gloucester, Virginia",37.3396678,United States,0,North America,,,
US,True,-76.5679782,"Of, Gloucester, VA",37.5594972,United States,0,North America,,,
GB,True,-1.4889138,"Linkenholt Manor, Hampshire, England",51.3181076,England,0,Europe,,,
US,True,-76.5136495,"Yorktown, York, VA.",37.2356655,United States,0,North America,,,
VA,True,12.4528527,"Of Elizabeth City Co., VA",41.903411,Vatican City,0,Europe,,,
VA,True,12.4528527,", , VA.",41.903411,Vatican City,0,Europe,,,
US,True,-73.9055107,"Of York Co., VA",40.8672004,United States,0,North America,,,
US,True,-76.5156945,"York Co, , VA",37.2230374,United States,0,North America,,,
US,True,-72.9265437,"New Haven, New Haven, CT",41.2976052,United States,0,North America,,,
GB,True,-1.9032487,", Wiltshire, England",51.324162,England,0,Europe,,,
GB,True,-1.9032487,"Wiltshire, , Eng",51.324162,United Kingdom,0,Europe,,,
US,True,-71.1843234,"Watertown, , Ma?",42.3652576,United States,0,North America,,,
GB,True,-2.5089459,"Wilshire, England",51.449247,England,0,Europe,,,
US,True,-70.8602328,"Salisbury, Massachusetts",42.8418855,United States,0,North America,,,
US,True,-72.9401956,"New Haven, New Haven Co., Connecticut",41.317081,United States,0,North America,,,
US,True,-76.4723233,", Lancaster, Virginia",37.7625738,United States,0,North America,,,
US,True,-72.9250518,"New Haven, Connecticut",41.3082138,United States,0,North America,,,
US,True,-72.5886727,"Springfield, , Massachusetts",42.1018764,United States,0,North America,,,
US,True,-72.5886727,"Springfield, Hampden, MA",42.1018764,United States,0,North America,,,
US,True,-78.4927721,", , , Virginia",37.1232245,United States,0,North America,,,
US,True,-72.9265437,"New Haven, New Haven, Connecticut",41.2976052,United States,0,North America,,,
GB,True,-0.6507385,"Boveney, , , Eng",51.4910492,United Kingdom,0,Europe,,,
US,True,-76.4723233,"Lancaster, VA",37.7625738,United States,0,North America,,,
US,True,-76.5904374,"Middlesex County, VA",37.6221412,United States,0,North America,,,
GB,True,-0.9182112,"Sulgrave, Northampton, Eng",52.2451778,United Kingdom,0,Europe,,,
GB,True,-1.036296,"Brington, Northamptonshire, England",52.2683065,England,0,Europe,,,
GB,True,-0.865913,"Greatbrighton Ch, Brington, Northants, England",52.3106138,England,0,Europe,,,
GB,True,-0.3414524,"Tighes, Surrey, Eng",51.2715316,United Kingdom,0,Europe,,,
GB,True,-1.0199183,", East Haddon",52.3060134,United Kingdom,0,Europe,,,
GB,True,-0.865913,"Thrapston, Northants, Eng",52.3106138,United Kingdom,0,Europe,,,
GB,True,-0.9501074,"Packington, Leics, Eng",52.5100779,United Kingdom,0,Europe,,,
GB,True,-0.865913,"Brington, Northants, Eng",52.3106138,United Kingdom,0,Europe,,,
GB,True,-0.865913,"Althrop, Northants, Eng",52.3106138,United Kingdom,0,Europe,,,
ES,True,-3.703507,"Madrid, Spain",40.416782,Spain,0,Europe,,,
GB,True,-1.0251429,Great Brington,52.2791465,United Kingdom,0,Europe,,,
GB,True,-1.3451912,"Wormleighton, Warwickshire",52.1790224,United Kingdom,0,Europe,,,
GB,True,-1.2649062,"Wormleighton, Warws, Eng",52.5310214,United Kingdom,0,Europe,,,
GB,True,-0.865913,"Of, Little Creston, Northants, England",52.3106138,England,0,Europe,,,
GB,True,-0.9506195,"Little Creaton, Northamptonshire, England",52.3378983,England,0,Europe,,,
GB,True,-0.865913,"Of, Great Creaton, Northants, England",52.3106138,England,0,Europe,,,
GB,True,-1.4762773,Linkenholt Eng.,51.3198054,United Kingdom,0,Europe,,,
GB,True,-1.3788695,"Of, , Yorkshire, England",53.5948684,England,0,Europe,,,
US,True,-76.5136495,"Yorktown, Va, U.S.A.",37.2356655,USA,0,North America,,,
US,True,-76.5136495,"Yorktown, VA",37.2356655,United States,0,North America,,,
GB,True,-1.2649062,", , , Eng",52.5310214,United Kingdom,0,Europe,,,
US,True,-76.3079924,"Elizabeth City, VA",36.8639003,United States,0,North America,,,
US,True,-76.5156945,", York, VA",37.2230374,United States,0,North America,,,
VA,True,12.4528527,", Elizabethcity, VA",41.903411,Vatican City,0,Europe,,,
VA,True,12.4528527,"Norfolk, Elizabethcity, VA",41.903411,Vatican City,0,Europe,,,
GB,True,-1.2649062,"Wokingham, Berkshsire, England",52.5310214,England,0,Europe,,,
GB,True,-1.031873,"Ruscombe, Comitatis, Berkshire, England",51.4534889,England,0,Europe,,,
GB,True,-1.2649062,"Ruscambe, , Eng",52.5310214,United Kingdom,0,Europe,,,
GB,True,-0.8429813,"Wokingham, Berkshire, England",51.4119036,England,0,Europe,,,
GB,True,-1.7948028,"Of, Wiltshire, England",51.0648886,England,0,Europe,,,
GB,True,-0.6571411,"Boveny Parish, Burnham, Buckingham, Eng",51.5362073,United Kingdom,0,Europe,,,
GB,True,-0.6529766,"Parish Burnham, Buckingham, Eng",51.5692833,United Kingdom,0,Europe,,,
GB,True,-0.6589748,"Of Burnham, Buckingham, Eng",51.5356133,United Kingdom,0,Europe,,,
GB,True,-0.8946441,"Burnham, Bucks, England",51.7834994,England,0,Europe,,,
GB,True,-0.8946441,"Burnham, Boveney, Bucks, England",51.7834994,England,0,Europe,,,
US,True,-72.5891221,"Hadley, Hampshire, MA",42.3423259,United States,0,North America,,,
GB,True,-0.8946441,"Of Burnham, Bucks, England",51.7834994,England,0,Europe,,,
GB,True,-0.6589748,"Of Burnham, Buckingham, England",51.5356133,England,0,Europe,,,
GB,True,-0.9182112,"Sulgrave, Northampton, Eng.",52.2451778,United Kingdom,0,Europe,,,
GB,True,-1.1915121,"South Isle Of Church, Sulgrave",52.1061958,United Kingdom,0,Europe,,,
GB,True,-2.1299677,"Sulgrave, Northampton, S.Isle Of Church, England",52.4843685,England,0,Europe,,,
GB,True,-1.5536906,"Of Radway, Warwickshire, England",52.3213064,England,0,Europe,,,
GB,True,-1.2649062,", , , England",52.5310214,England,0,Europe,,,
GB,True,-2.2105512,"Of Whitefield, Lancs., Eng.",53.8378282,United Kingdom,0,Europe,,,
GB,True,-0.865913,"Sulgrave, Northants, Eng",52.3106138,United Kingdom,0,Europe,,,
GB,True,-0.9028043,"Of Sulgrave, Northampton, Eng.",52.2343297,United Kingdom,0,Europe,,,
GB,True,-1.2649062,"Of Sulgrave, Northhampton, Eng.",52.5310214,United Kingdom,0,Europe,,,
AT,True,11.7075655,"Sulgrave, Northampton, En",47.3547646,Austria,0,Europe,,,
GB,True,-0.1393153,"Tyes Hall, Cuckfield, Sussex, England",51.0055129,England,0,Europe,,,
GB,True,-2.8013499,"Palstarr, , Lancaster, England",54.0488219,England,0,Europe,,,
GB,True,-0.0978552,"Of, Faccombe, Hertfordshire, England",51.8400523,England,0,Europe,,,
US,True,-71.602762,"Of, , Kent",41.6722912,United States,0,North America,,,
GB,True,-1.2649062,"Kent Manor, Linkenholt, Southhamptonshir, Eng.",52.5310214,United Kingdom,0,Europe,,,
GB,True,-1.4425384,", Faccombe, , England",51.3171692,England,0,Europe,,,
GB,True,-0.9881486,"Haines Hillhurst, Parish, Berkshire",51.4514323,United Kingdom,0,Europe,,,
GB,True,-0.1023101,"Scrivelsby, Lincolnshire, England",53.1780161,England,0,Europe,,,
GB,True,-0.8946441,"Boveney, , Bucks., Eng",51.7834994,United Kingdom,0,Europe,,,
GB,True,-0.7732314,"Binfield, , Berks., Eng",51.4312752,United Kingdom,0,Europe,,,
GB,True,-0.7732314,"Binfield, Berkshire, Eng",51.4312752,United Kingdom,0,Europe,,,
GB,True,-0.8946441,"Boveney, Bucks, England",51.7834994,England,0,Europe,,,
GB,True,-0.8946441,"Boveney, Bucks, Eng",51.7834994,United Kingdom,0,Europe,,,
GB,True,-0.6263098,"Of Burnham, , Eng",51.5185174,United Kingdom,0,Europe,,,
GB,True,-2.5650945,"Tewhitefield, Lancashire, England",53.8611712,England,0,Europe,,,
GB,True,-1.2649062,"Sulgrave Manor, Northamps, Eng",52.5310214,United Kingdom,0,Europe,,,
GB,True,-0.9182112,"Sulgrave Manor, Sulgrave, Northampton, England",52.2451778,England,0,Europe,,,
GB,True,-0.865913,"Gretworth, Northamptonshire, Eng",52.3106138,United Kingdom,0,Europe,,,
GB,True,-0.9182112,"Of, Sulgrave, Northampton, England",52.2451778,England,0,Europe,,,
GB,True,-0.2537791,"Greys Inn, Middlesex, England",51.5460558,England,0,Europe,,,
GB,True,-0.1114304,"Grays Inn London, , Eng",51.5190382,United Kingdom,0,Europe,,,
GB,True,-1.3685633,"Radway, Grange, Oxfordshire, Eng",52.07588,United Kingdom,0,Europe,,,
GB,True,-1.2649062,"Of Radway, Warricks, Eng",52.5310214,United Kingdom,0,Europe,,,
GB,True,-1.3975608,"Of, Wallop, Hants, England",50.9125822,England,0,Europe,,,
GB,True,-0.2511855,"Kyme, Lincolnshire, England",53.0284973,England,0,Europe,,,
GB,True,-0.5404819,"Scrivelsby, Lincoln, England",53.2293545,England,0,Europe,,,
GB,True,-1.1050234,", Ingleby Greenhow, Yorkshire, England",54.4498241,England,0,Europe,,,
GB,True,-0.2031209,"Of Scrivelsby, Lindssay, Lincolnshire, England",53.1823034,England,0,Europe,,,
GB,True,-0.6507385,"Boveney Buckinghamshire, England",51.4910492,England,0,Europe,,,
GB,True,-1.031873,"Wardville, Berkshire, Eng",51.4534889,United Kingdom,0,Europe,,,
GB,True,-1.2649062,"Of Boveney, Bckngh, England",52.5310214,England,0,Europe,,,
GB,True,-0.8946441,"Dorney, Bucks, England",51.7834994,England,0,Europe,,,
GB,True,-0.7732314,"Binfield, Berks, Eng",51.4312752,United Kingdom,0,Europe,,,
GB,True,-1.031873,"Of Aberfelde, Berks, Eng",51.4534889,United Kingdom,0,Europe,,,
GB,True,-0.9054306,"Arborfield, Berks, Eng",51.3963375,United Kingdom,0,Europe,,,
GB,True,-0.7748399,"Binfield, Berks, England",51.4658779,England,0,Europe,,,
GB,True,-0.8946441,"Of Dorney, Bucks, Eng",51.7834994,United Kingdom,0,Europe,,,
GB,True,-2.9343637,", Wharton, Lancashire, England",53.6037703,England,0,Europe,,,
GB,True,-2.8123655,"Warton, Lancashire, England",54.1418786,England,0,Europe,,,
GB,True,-1.2649062,"Greatworth, Northamps, Eng",52.5310214,United Kingdom,0,Europe,,,
GB,True,-1.1959081,"St. Katherine'S, Aisle, Greatworth, Church",52.0770068,United Kingdom,0,Europe,,,
GB,True,-1.2649062,"Charwelton, Northamps, Eng",52.5310214,United Kingdom,0,Europe,,,
GB,True,-1.5815742,"Shattiswell, Warwick, Eng",52.2814519,United Kingdom,0,Europe,,,
GB,True,-1.2578499,"Horley, Oxford, , Eng",51.7520131,United Kingdom,0,Europe,,,
GB,True,-1.2578499,"Horley, Oxford, , England",51.7520131,England,0,Europe,,,
GB,True,-1.5625084,"Pillerton, Warwick, , Eng",52.1363333,United Kingdom,0,Europe,,,
GB,True,-1.5815742,"Horley, Warwick, , Eng",52.2814519,United Kingdom,0,Europe,,,
GB,True,-0.2031209,"Scriveslby, Lincolnshire, England",53.1823034,England,0,Europe,,,
GB,True,-0.0761823,"Of, London, Middlesex, England",51.5161738,England,0,Europe,,,
GB,True,-0.2031209,"Of, Scriveslby, Lincolnshire, England",53.1823034,England,0,Europe,,,
GB,True,-1.0743052,"Of, Gawthorpe, York, England",53.9656579,England,0,Europe,,,
GB,True,-0.7229044,"Buckingham, Berkshire, Eng",51.556681,United Kingdom,0,Europe,,,
GB,True,-1.2649062,", , Eng",52.5310214,United Kingdom,0,Europe,,,
GB,True,-1.031873,"Of, Wardville, Berkshire, England",51.4534889,England,0,Europe,,,
GB,True,-0.7831119,"Of Binfield, Berks, Eng",51.42488,United Kingdom,0,Europe,,,
GB,True,-1.3975608,"Basingstoke, Hants, Eng",50.9125822,United Kingdom,0,Europe,,,
GB,True,-0.9054306,"Arborfield, Berkshire, England",51.3963375,England,0,Europe,,,
GB,True,-0.9054306,"Arborfield, Berks, England",51.3963375,England,0,Europe,,,
GB,True,-2.8123655,"Warton, Lancs, Eng",54.1418786,United Kingdom,0,Europe,,,
GB,True,-2.755655,"Of, Warton, Lancashire, England",54.153376,England,0,Europe,,,
GB,True,0.6727342,"Hengrave, Suffolk, England",52.2860353,England,0,Europe,,,
GB,True,-1.5878045,"Of, Gawthorpe, Yorkshire, England",53.6955438,England,0,Europe,,,
GB,True,-1.2337599,"Of, Fryston, York, England",53.7598705,England,0,Europe,,,
GB,True,-0.7110987,"Bray, Berks, Eng",51.5069253,United Kingdom,0,Europe,,,
GB,True,-2.0754758,"Aberfeldy, Pershore, England",52.1096993,England,0,Europe,,,
GB,True,-0.9682938,"Of, Basingstoke, Berkshire, England",51.4356541,England,0,Europe,,,
GB,True,-0.847955,"Of, Itchell, Hampshire, England",51.2911904,England,0,Europe,,,
GB,True,-1.3975608,"Sidmanton, Hants, Eng",50.9125822,United Kingdom,0,Europe,,,
GB,True,-2.547115,"Warton Lonesdale, Lancs, Eng",53.8611743,United Kingdom,0,Europe,,,
GB,True,-2.858891,"Of, Overton, Lancashire, England",54.0167279,England,0,Europe,,,
GB,True,-2.2665186,"Of, Oversley, , England",53.350703,England,0,Europe,,,
GB,True,-1.2952849,"Of, Newton Kyme, , England",53.8984388,England,0,Europe,,,
GB,True,-1.187771,"Of, Burghwallis, , England",53.6000851,England,0,Europe,,,
GB,True,-0.837235,"Of, Gowthorpe, Yorkshire, England",53.9810347,England,0,Europe,,,
GB,True,-1.38525,", Leckonfield, Yorkshire, England",53.9825271,England,0,Europe,,,
GB,True,-1.38525,"Battle Of, Towtown, Yorkshire, England",53.9825271,England,0,Europe,,,
GB,True,-1.0762586,"St Denys Church, York, Yorkshire, England",53.956714,England,0,Europe,,,
GB,True,-0.2537791,"St Margaret, Westminster, Middlesex, England",51.5460558,England,0,Europe,,,
GB,True,-0.4435804,"Of, Leconfield, Yorkshire, England",53.8834471,England,0,Europe,,,
GB,True,-1.3871054,"Manor, Cocks Lodge Near, Topcliffe, Yorkshire, England",54.1781348,England,0,Europe,,,
CZ,True,14.9071748,(40-1489),49.0709373,Czechia,0,Europe,,,
GB,True,-1.38525,"Beverly Minister, Beverly, Yorkshire, England",53.9825271,England,0,Europe,,,
GB,True,-1.38525,"Of, Leckonfield, Yorkshire, England",53.9825271,England,0,Europe,,,
GB,True,-1.8594198,", Wensley, Yorkshire, England",54.303133,England,0,Europe,,,
GB,True,-2.0159865,"Of, England",52.5051933,England,0,Europe,,,
GB,True,-1.031873,"Of Barkham, Berks, Eng",51.4534889,United Kingdom,0,Europe,,,
GB,True,-1.3249375,"Of, Newbury, Berkshire, England",51.3968471,England,0,Europe,,,
GB,True,-2.89701,"Of Warton, Lancashire, , England",53.7498867,England,0,Europe,,,
GB,True,-1.28041,"Of, Aldwark, Yorkshire, England",54.0689002,England,0,Europe,,,
GB,True,-1.38525,"Of, Monston, Yorkshire, England",53.9825271,England,0,Europe,,,
GB,True,-1.38525,"Chapel, Haselwood, Yorkshire, England",53.9825271,England,0,Europe,,,
GB,True,-1.8631335,"Of, Oversley, Warwickshire, England",52.2112318,England,0,Europe,,,
DE,True,6.6996207,Spm,49.9795824,Germany,0,Europe,,,
GB,True,-1.7072354,", Alnwick, Northumberland, England",55.4133398,England,0,Europe,,,
GB,True,0.190539,"Battle Of, St Albans, Kent, England",51.3934788,England,0,Europe,,,
GB,True,0.190539,"Abbey Church, St Albans, Kent, England",51.3934788,England,0,Europe,,,
GB,True,-1.8017245,"Of, Raby, Durham, England",54.5910607,England,0,Europe,,,
GB,True,-1.38525,"Of, Warkworth, Yorkshire, England",53.9825271,England,0,Europe,,,
GB,True,-1.2649062,"Whitbye, , , England",52.5310214,England,0,Europe,,,
GB,True,-1.38525,", Warkworth, Yorkshire, England",53.9825271,England,0,Europe,,,
GB,True,-0.8275279,"Infant, , , England",51.4104104,England,0,Europe,,,
GB,True,-1.2649062,"Sp Prob Infant, , , England",52.5310214,England,0,Europe,,,
GB,True,-0.9028043,"Battle Of, Northampton, Northamptonshire, England",52.2343297,England,0,Europe,,,
GB,True,-1.9070774,", Hedgeley Moor, Northumberland, England",55.4655667,England,0,Europe,,,
GB,True,-1.38525,", , Yorkshire, England",53.9825271,England,0,Europe,,,
FR,True,1.9180413,"Vp, Orleans, , France",47.9278966,France,0,Europe,,,
GB,True,-2.206981,"Of, Beverston, Gloucestershire, England",51.6436366,England,0,Europe,,,
GB,True,-0.5648163,", Arundel, Sussex, England",50.8545384,England,0,Europe,,,
GB,True,-2.1880662,"Of, Cubberley, Gloucestershire, England",51.7643786,England,0,Europe,,,
GB,True,-2.4920541,"Of, Newbury, Gloucestershire, England",51.5040063,England,0,Europe,,,
GB,True,-1.3249375,"Of , Newbury, Berkshire, England",51.3968471,England,0,Europe,,,
GB,True,-1.9032487,", Ludgarshall, Wiltshire, England",51.324162,England,0,Europe,,,
GB,True,-1.5111773,"Of, Harewood, Yorkshire, England",53.9010438,England,0,Europe,,,
GB,True,-1.3293873,"Of, Micklefield, Yorkshire, England",53.7943276,England,0,Europe,,,
GB,True,-2.7540658,", Shrewsbury, Shropshire, England",52.707755,England,0,Europe,,,
GB,True,-2.7686972,", Usk, Monmouthshire, England",51.4818832,England,0,Europe,,,
GB,True,-1.7076505,"Of, Alnwick, Northumberland, England",55.4133985,England,0,Europe,,,
GB,True,-1.8190963,"Of Castle Raby, Raby With Keverstone, Durham, England",54.5937943,England,0,Europe,,,
GB,True,-1.8017245,"Castle Raby, Raby With Keverstone, Durham, England",54.5910607,England,0,Europe,,,
US,True,-105.9552006,(61-1425),36.0032435,United States,0,North America,,,
FR,True,0.8905783,"Chateau De Beaufort, Meuse-et-Loire, France",47.4230544,France,0,Europe,,,
GB,True,-0.8622549,", Howden, Yorkshire, England",53.7473189,England,0,Europe,,,
GB,True,-0.5404819,"Lincoln Catheral, Lincoln, Lincolnshire, England",53.2293545,England,0,Europe,,,
GB,True,-1.4967286,", Wakefield, Yorkshire, England",53.6829541,England,0,Europe,,,
GB,True,-1.4968547,"Of, , Westmorland, England",53.6835789,England,0,Europe,,,
IT,True,9.6912326,Sp,44.238366,Italy,0,Europe,,,
GB,True,0.4646698,", Pleshy, Essex, England",51.7704679,England,0,Europe,,,
US,True,-71.5377934,(31 Dec 1469),42.1253838,United States,0,North America,,,
GB,True,-1.8017245,", Raby, Durham, England",54.5910607,England,0,Europe,,,
GB,True,-0.5652554,", Berkhamsted, Hertfordshire, England",51.7607271,England,0,Europe,,,
GB,True,-1.2649062,", Fotheringhay, Northhamptonshire, England",52.5310214,England,0,Europe,,,
GB,True,-1.8068071,"Of Raby With Keverstone, Staindrop, Durham, England",54.5800156,England,0,Europe,,,
GB,True,-2.2726175,"Okeford, Fitzpaine, Dorset, England",50.9026432,England,0,Europe,,,
FR,True,1.9086066,Orleans,47.9027336,France,0,Europe,,,
GB,True,-2.2304022,"Wotton, Gloucestershire, England",51.8690821,England,0,Europe,,,
GB,True,-2.2005697,"Of, Beverstone, Gloucestershire, England",51.6432869,England,0,Europe,,,
GB,True,-1.2649062,"Beverstone, Gloucs., , England",52.5310214,England,0,Europe,,,
GB,True,-2.1899697,"St. James Priory, Dudley, Staffordshire, England",52.5013588,England,0,Europe,,,
GB,True,-1.404189,"Of, Itchell, Southampton, England",50.9025349,England,0,Europe,,,
GB,True,-1.0447215,"Of Basing, Hampshire, England",51.2889702,England,0,Europe,,,
GB,True,-2.8282672,"Of Hinton-St. George, Somersetshire, England",50.9093898,England,0,Europe,,,
GB,True,-1.046029,"Basing, Hampshire, England",51.2712823,England,0,Europe,,,
GB,True,-1.0447215,"Of, Basing, Hampshire, England",51.2889702,England,0,Europe,,,
GB,True,-1.046029,", Basing, Hampshire, England",51.2712823,England,0,Europe,,,
GB,True,-1.046029,"Basing, Hampshire, Eng",51.2712823,United Kingdom,0,Europe,,,
GB,True,-1.2433133,"Of, Crandal, Hampshire, England",51.0449814,England,0,Europe,,,
GB,True,-1.2433133,"Of Herriard, Hampshire, Eng.",51.0449814,United Kingdom,0,Europe,,,
GB,True,-2.0568913,"Of, Coberley, Gloucestershire, England",51.8434444,England,0,Europe,,,
SK,True,18.2481705,(40-1467),47.8421665,Slovakia,0,Europe,,,
GB,True,-1.5694908,"Of, Littlecote, Wiltshire, England",51.4333419,England,0,Europe,,,
GB,True,-2.186237,", Deerhurst, Gloucestershire, England",51.9528346,England,0,Europe,,,
GB,True,-2.1880662,", Cubberley, Gloucestershire, England",51.7643786,England,0,Europe,,,
AU,True,149.5481193,Unmarried,-33.4596678,Australia,0,Oceania,,,
GB,True,-0.1138437,Gray's Inn,51.520415,United Kingdom,0,Europe,,,
NL,True,5.6343227,Holland,52.2434979,Netherlands,0,Europe,,,
US,True,-76.5904374,", Middlesex Co, VA",37.6221412,United States,0,North America,,,
GB,True,0.9472305,"Hoe, Norfolk, England",52.7184506,England,0,Europe,,,
GB,True,-3.5394457,"Stonehedge, , , England",50.7047622,England,0,Europe,,,
GB,True,-2.1691238,"Colne, Lancashire, England",53.8567728,England,0,Europe,,,
GB,True,-2.8013499,"Of, Windlehouse, Lancaster, England",54.0488219,England,0,Europe,,,
GB,True,1.2584744,"Burgh, Suffolk, England",52.1166641,England,0,Europe,,,
GB,True,0.9717538,"Aldham, Suffolk, , England",52.0632432,England,0,Europe,,,
GB,True,0.7823023,"Of, Maldon, Essex, England",51.7952538,England,0,Europe,,,
GB,True,0.9472305,"Hoe, , , England",52.7184506,England,0,Europe,,,
GB,True,1.2972286,"St. Michael, Plea, , England",52.6305193,England,0,Europe,,,
GB,True,-2.8013499,"Of, Barnside, Lancaster, England",54.0488219,England,0,Europe,,,
GB,True,-2.8013499,"Of, Stonehedge, Lancaster, England",54.0488219,England,0,Europe,,,
GB,True,-1.031873,"Workingham, Berkshire, , Eng",51.4534889,United Kingdom,0,Europe,,,
GB,True,-1.3486528,Burbage,52.5279306,United Kingdom,0,Europe,,,
GB,True,-2.9131428,"Of, Roscombe, , England",54.5652818,England,0,Europe,,,
GB,True,-1.3975608,"Of, Linkenholt Manor, Hants, England",50.9125822,England,0,Europe,,,
GB,True,-2.8013499,"Of, Palstarr, Lancaster, England",54.0488219,England,0,Europe,,,
GB,True,-0.8733698,"Barkham, Berkshire, England",51.4031075,England,0,Europe,,,
GB,True,-1.2649062,"Barkham Manor, Barkham, Berkshsire, England",52.5310214,England,0,Europe,,,
US,True,-76.5258553,"Epping Forest, Lancaster, VA",37.7913044,United States,0,North America,,,
US,True,-76.5594479,"Gloucester Co., Virginia",37.4452288,United States,0,North America,,,
US,True,-76.3244568,"Of, , Lancaster, Virginia",40.043127,United States,0,North America,,,
US,True,-76.5156945,", York, VA.",37.2230374,United States,0,North America,,,
VA,True,12.4528527,"Yorkco, VA",41.903411,Vatican City,0,Europe,,,
GB,True,-1.2742734,"Aston-Le-Walls, , , England",52.1546172,England,0,Europe,,,
GB,True,-0.1277653,London Eng.,51.5074456,United Kingdom,0,Europe,,,
VA,True,12.4528527,"Elizabethcity, VA",41.903411,Vatican City,0,Europe,,,
GB,True,-1.7954134,"Of, , Wiltshire, Eng",51.0690613,United Kingdom,0,Europe,,,
GB,True,-1.2649062,"Of Burnham, Boven, Eng",52.5310214,United Kingdom,0,Europe,,,
GB,True,-0.3414524,"Of, Tighes, Surrey, England",51.2715316,England,0,Europe,,,
GB,True,0.3612985,"Of, Kent, England",51.4269241,England,0,Europe,,,
GB,True,-1.2649062,"Sulgrave, Northhampton, , Eng",52.5310214,United Kingdom,0,Europe,,,
GB,True,-1.2649062,"Radway, Warricks, Eng",52.5310214,United Kingdom,0,Europe,,,
GB,True,-0.8946441,"Of, Boveney, Bucks, England",51.7834994,England,0,Europe,,,
GB,True,-0.7748399,"Of Binfield, Berks, England",51.4658779,England,0,Europe,,,
GB,True,-0.8998074,"Of, Par. Of Burnham, Buckinghamshire, England",51.840894,England,0,Europe,,,
GB,True,-1.5536906,"Of, Oversly, Warwickshire, England",52.3213064,England,0,Europe,,,
GB,True,-2.0771314,", Berwick, Wiltshire, England",50.9853571,England,0,Europe,,,
GB,True,-0.0889387,"Of, London, London, England",51.5141618,England,0,Europe,,,
GB,True,1.2515655,"St. Mary, Hellesdon, Norfolk, England",52.6486234,England,0,Europe,,,
GB,True,0.9717538,"Of, Aldham, Suffolk, England",52.0632432,England,0,Europe,,,
GB,True,-0.865913,"Of, Little Creaton, Northants, England",52.3106138,England,0,Europe,,,
GB,True,-0.1345285,"Of, Cuckfield, Sussex, England",51.0094539,England,0,Europe,,,
US,True,-93.5915665,"Hope, Hempstead Co., AR",33.6670616,United States,0,North America,,,
US,True,-87.6244212,"Chicago, Cook Co., IL",41.8755616,United States,0,North America,,,
US,True,-96.6089146,"Sherman, Grayson Co., TX",33.6398609,United States,0,North America,,,
US,True,-89.5523071,"near Sikeston, Scott Co., MO",37.0516647,United States,0,North America,,,
US,True,-94.3569264,"Hempstead Co., MO",36.8227542,United States,0,North America,,,
US,True,-93.4063842,"Bodcaw, Nevada Co., AR",33.5579004,United States,0,North America,,,
US,True,-88.9119403,"Tippah Co., MS",34.7296814,United States,0,North America,,,
US,True,-96.6702111,"Grayson Co., TX",33.5636114,United States,0,North America,,,
US,True,-96.6089146,"West Hill Cem., Sherman, Grayson Co., TX",33.6398609,United States,0,North America,,,
US,True,-93.3055491,"Parker Twp., Nevada Co., AR",33.6413476,United States,0,North America,,,
US,True,-93.5915665,"Block E, Rose Hill Cem., Hope, AR",33.6670616,United States,0,North America,,,
US,True,-88.9119403,"Lowry Cem., Tippah Co., MS",34.7296814,United States,0,North America,,,
US,True,-96.6702111,"Holloway Cem., Grayson Co., TX",33.5636114,United States,0,North America,,,
GA,True,11.6899699,GA,-0.8999695,Gabon,0,Africa,,,
US,True,-88.9119403,"Pleasant Hill Ce, East Faulkner, Tippah",34.7296814,United States,0,North America,,,
US,True,-81.4639835,FL,27.7567667,United States,0,North America,,,
US,True,-81.3175232,"Kossuth, Alcom Co., MS",28.5125502,United States,0,North America,,,
US,True,-85.9870669,"Coffee Co., AL",31.3629619,United States,0,North America,,,
US,True,-86.4597236,"Covington Co., AL",31.196549,United States,0,North America,,,
AL,True,19.9999619,"Red Level Cem., AL",41.000028,Albania,0,Europe,,,
US,True,-86.6754793,"Butler Co., AL",31.7340713,United States,0,North America,,,
US,True,-120.8089843,"Ebenezer Cem., Parker Twp., Nevada Co.,",39.3540335,United States,0,North America,,,
US,True,-92.3910295,"Union Parish, LA",32.8385899,United States,0,North America,,,
US,True,-93.5915665,"Hope, AR",33.6670616,United States,0,North America,,,
US,True,-73.5024404,"Oak Grove Cem., DeRoan Twp., Hempstead C",40.6009191,United States,0,North America,,,
US,True,-93.6929825,"Hempstead Co., AR",33.6949319,United States,0,North America,,,
AL,True,19.9999619,AL,41.000028,Albania,0,Europe,,,
US,True,-88.9119403,"Lowry Cemetery, Tippah Co., MS",34.7296814,United States,0,North America,,,
US,True,-86.4205249,"Rutherford Co., TN",35.8563421,United States,0,North America,,,
TN,True,9.400138,TN,33.8439408,Tunisia,0,Africa,,,
US,True,-97.8045599,"Parker Co., TX",32.7772597,United States,0,North America,,,
US,True,-79.0392919,NC,35.6729639,United States,0,North America,,,
IE,True,-7.9794599,Ireland,52.865196,Ireland,0,Europe,,,
US,True,-100.445882,USA,39.7837304,USA,0,North America,,,
SC,True,55.4540146,"Chesterfield Dis, SC",-4.6574977,Seychelles,0,Africa,,,
US,True,-86.6121861,"Red Level, Covington Co., AL",31.4071111,United States,0,North America,,,
US,True,-84.9282058,"Early Co., GA",31.3454341,United States,0,North America,,,
SC,True,55.4540146,SC,-4.6574977,Seychelles,0,Africa,,,
SC,True,55.4540146,"Kershaw Dist., SC",-4.6574977,Seychelles,0,Africa,,,
US,True,-93.3055491,"Ebenezer Cem., Nevada Co., AR",33.6413476,United States,0,North America,,,
US,True,-93.5304543,"Shover Springs, Hempstead Co., AR",33.6228953,United States,0,North America,,,
AR,True,-64.9672817,AR,-34.9964963,Argentina,0,South America,,,
US,True,-79.7580486,"Parker Twp., AR",41.0660757,United States,0,North America,,,
US,True,-89.4725635,"Marshall Co., MS",34.7329208,United States,0,North America,,,
US,True,-89.4725635,"Chewalla Baptist, Marshall Co., MS",34.7329208,United States,0,North America,,,
KY,True,-79.9174627,KY,19.7031822,Cayman Islands,0,North America,,,
US,True,-80.804312,"Tippah Co., AR",35.2211432,United States,0,North America,,,
IE,True,-7.9794599,Ireland (?),52.865196,Ireland,0,Europe,,,
SC,True,55.4540146,"Orangeburg Dist., SC",-4.6574977,Seychelles,0,Africa,,,
US,True,-85.9870669,"Longstreet, Coffee Co., AL",31.3629619,United States,0,North America,,,
SC,True,55.4540146,"Darlington Dist., SC",-4.6574977,Seychelles,0,Africa,,,
US,True,-86.1999118,"Montgomery Co., AL",32.1672192,United States,0,North America,,,
US,True,-86.3244009,"Crenshaw Co., AL",31.6809362,United States,0,North America,,,
US,True,-86.3114018,"Mt. Pleasant, Crenshaw Co., AL",31.8324874,United States,0,North America,,,
US,True,-81.2062724,"Lincoln Co., NC",35.4866424,United States,0,North America,,,
US,True,-86.0130908,"Macon Co., TN",36.5237906,United States,0,North America,,,
US,True,-92.2896267,"Little Rock, AR",34.7465071,United States,0,North America,,,
NG,True,5.3966045,"Tipperary, IRE",7.738848,Nigeria,0,Africa,,,
GB,True,-0.1277653,"London, England",51.5074456,England,0,Europe,,,
US,True,-77.9501139,"Java, Genesse Co, NY",42.123911,United States,0,North America,,,
US,True,-118.3963062,"Beverly Hills, LA Co, CA",34.0696501,United States,0,North America,,,
US,True,-77.927513,"Clarkson, Monroe Co, NY",43.233116,United States,0,North America,,,
US,True,-74.0918102,"Whitesides C, NY",43.0646542,United States,0,North America,,,
IL,True,34.8594762,"Whitesides C, IL",30.8124247,Israel,0,Asia,,,
FR,True,-0.3635615,"Queens, New Brunswk, CAN",49.1813403,France,0,Europe,,,
GB,True,-3.2086898,"Argyle, Scotland",55.9523918,Scotland,0,Europe,,,
GB,True,-4.1140518,"Paisly, Renfrow, Scotland",56.7861112,Scotland,0,Europe,,,
GB,True,-0.2699524,"Surry, England",50.8332464,England,0,Europe,,,
IL,True,34.8594762,"Clyde Twp, Whitesides C, IL",30.8124247,Israel,0,Asia,,,
IL,True,34.8594762,"Main Street, Tampico, Whitesides, IL",30.8124247,Israel,0,Asia,,,
GB,True,-0.2699524,"Surry C, England",50.8332464,England,0,Europe,,,
GB,True,-0.2699524,"Epson, Surry C, England",50.8332464,England,0,Europe,,,
US,True,-77.0204083,"Port Tobacco, Charles Co, MD",38.5112633,United States,0,North America,,,
US,True,-77.4118135,"Frederick Co, MD",39.4608481,United States,0,North America,,,
US,True,-77.027847,"Charles Co, MD",38.4991611,United States,0,North America,,,
US,True,-84.4646251,"Loudon Co, KY",38.0533594,United States,0,North America,,,
US,True,-85.925817,"Seages Creek, Barren Co, KY",36.9584649,United States,0,North America,,,
US,True,-85.664528,"Jefferson Co, KY",38.1787175,United States,0,North America,,,
KY,True,-79.9174627,"Owensbow, KY",19.7031822,Cayman Islands,0,North America,,,
US,True,-87.8339064,"Russeville, Franklin Co, AL",34.440962,United States,0,North America,,,
US,True,-77.4019268,"Petersburg, VA",37.227928,United States,0,North America,,,
US,True,-73.2541069,"Pittsfield, MA",42.4484778,United States,0,North America,,,
US,True,-73.9855319,"Manhattan, New York, NY",40.7579554,United States,0,North America,,,
IL,True,34.8594762,IL,30.8124247,Israel,0,Asia,,,
US,True,-112.074141,"Phoenix, AZ",33.4484367,United States,0,North America,,,
US,True,-94.8466322,"St. Joseph, MO",39.7686055,United States,0,North America,,,
US,True,-118.242766,"Los Angeles, LA County, CA",34.0536909,United States,0,North America,,,
US,True,-73.6747564,"Hempstead, Long Island, NY",40.8091416,United States,0,North America,,,
US,True,-74.8012119,"Cape May County, NJ",39.1765386,United States,0,North America,,,
US,True,-80.0968188,"Morgan Twp, Greene Co, PA",39.956853,United States,0,North America,,,
US,True,-80.117838,"Smith Cemetery, Greene Co, PA",39.9128529,United States,0,North America,,,
US,True,-80.6785145,"Springfield, Columbiana Co., Ohio",40.889855,United States,0,North America,,,
US,True,-74.0615285,"Shrewsbury, Monmouth Co., NJ",40.3295547,United States,0,North America,,,
IN,True,78.6677428,"Near Butlerville, IN",22.3511148,India,0,Asia,,,
US,True,-79.8336541,"Jefferson Twp, Fayette Co., PA",40.054026,United States,0,North America,,,
US,True,-118.0338664,"Whittier, CA",33.9749136,United States,0,North America,,,
US,True,-74.0615285,"Shrewsbury, Monmouth Co., New Jersey",40.3295547,United States,0,North America,,,
US,True,-74.4041622,New Jersey,40.0757384,United States,0,North America,,,
US,True,-92.5617875,Missouri,38.7604815,United States,0,North America,,,
US,True,-74.7226665,"Burlington Co., New Jersey",39.9325409,United States,0,North America,,,
US,True,-93.3122705,"Near West Branch, Iowa",41.9216734,United States,0,North America,,,
US,True,-72.032366,Mass.,42.3788774,United States,0,North America,,,
US,True,-80.7826416,"Mahoning County, Ohio",40.9830133,United States,0,North America,,,
US,True,-80.5754631,"Springfield, Mahoning County, Ohio",40.9433676,United States,0,North America,,,
US,True,-73.0994297,"Hempstead, Long Island, New York",40.8514971,United States,0,North America,,,
US,True,-73.0994297,"Hempstead Plains, Long Island, New York",40.8514971,United States,0,North America,,,
US,True,-73.5852448,"Hempstead Plains, New York",40.7292309,United States,0,North America,,,
US,True,-76.6483482,"Baltimore County, Maryland",39.4445243,United States,0,North America,,,
US,True,-76.3877382,"Gunpowder, Maryland",39.4148299,United States,0,North America,,,
US,True,-74.1671114,"Monmouth Co., New Jersey",40.2932319,United States,0,North America,,,
US,True,-75.3139227,"Richland, Bucks County, PA",40.4454352,United States,0,North America,,,
US,True,-80.7648602,"Columbiana Co., Ohio",40.7787016,United States,0,North America,,,
US,True,-118.0338664,"Whittier, California",33.9749136,United States,0,North America,,,
US,True,-80.8086973,"Colerain, Belmont County, Ohio",40.1259045,United States,0,North America,,,
US,True,-85.5127432,"Butlerville, Jennings County, Indiana",39.0344983,United States,0,North America,,,
US,True,-82.474952,"Elk Twp., Vinton Co., Ohio",39.2614972,United States,0,North America,,,
US,True,-117.9454867,"La Habra, California",33.9316066,United States,0,North America,,,
US,True,-117.8249705,"Yorba Linda, California",33.8901096,United States,0,North America,,,
US,True,-114.891718,"Ely, Nevada",39.2480588,United States,0,North America,,,
US,True,-80.3668343,"Smith Twp, Washington Co., Pennsylvania",40.369102,United States,0,North America,,,
US,True,-82.4740302,"Vinton County, Ohio",39.2744355,United States,0,North America,,,
US,True,-82.5469722,"Hocking Co., Ohio",39.4644491,United States,0,North America,,,
US,True,-80.2541251,"Washington Co., Pennsylvania",40.1943798,United States,0,North America,,,
US,True,-77.231012,"Gettysburg, Pennsylvania",39.8308973,United States,0,North America,,,
US,True,-80.3668343,"Smith Twp., Washington Co., Pennsylvania",40.369102,United States,0,North America,,,
US,True,-77.0107368,"Hartford Co., Maryland",38.9949164,United States,0,North America,,,
US,True,-82.5469722,"Hocking County, Ohio",39.4644491,United States,0,North America,,,
US,True,-81.877978,"Morgan County, Ohio",39.5943953,United States,0,North America,,,
US,True,-80.8086973,"Colerain, Belmont Co., Ohio",40.1259045,United States,0,North America,,,
US,True,-85.6359201,"Bigger Twp., Jennings Co., Indiana",38.9957749,United States,0,North America,,,
US,True,-80.9152613,"Goshen, Mahoning Co., Ohio",40.9589057,United States,0,North America,,,
US,True,-74.1162152,"Middletown, New Jersey",40.3898188,United States,0,North America,,,
US,True,-75.5343681,"Brandywine, New Castle Co., Delaware",39.8295563,United States,0,North America,,,
US,True,-75.4013315,Delaware,38.6920451,United States,0,North America,,,
US,True,-75.3791307,"Fermanagh, Juanita Co., Pennsylvania",40.13047,United States,0,North America,,,
US,True,-76.9382069,Maryland,39.5162401,United States,0,North America,,,
US,True,-82.4543621,"Washington Twp., Hocking Co., Ohio",39.4374403,United States,0,North America,,,
US,True,-76.3048991,"Harford County, Maryland",39.548545,United States,0,North America,,,
US,True,-77.7865722,"Centre County, Pennsylvania",40.9381735,United States,0,North America,,,
US,True,-93.5613292,"Indianola, Iowa",41.3604966,United States,0,North America,,,
US,True,-82.2044367,"Perry County, Ohio",39.6370289,United States,0,North America,,,
US,True,-90.1177442,"Colona Twp., Henry Co., Illinois",41.3418549,United States,0,North America,,,
US,True,-80.2541251,"Washington, Pennsylvania",40.1943798,United States,0,North America,,,
US,True,-74.5601181,"Morris County, New Jersey",40.8679538,United States,0,North America,,,
US,True,-76.2411283,"Lancaster Co., Pennsylvania",40.08067,United States,0,North America,,,
US,True,-76.6483482,"Baltimore Co., Maryland",39.4445243,United States,0,North America,,,
US,True,-81.877978,"Morgan Co., Ohio",39.5943953,United States,0,North America,,,
US,True,-82.6881395,Ohio,40.2253569,United States,0,North America,,,
US,True,-75.7652424,"Chester Co., Pennsylvania",39.9829308,United States,0,North America,,,
US,True,-81.0097516,"Belmont Co., Ohio",40.0057737,United States,0,North America,,,
US,True,-75.1188504,"Plumstead, Bucks County, Pennsylvania",40.3862315,United States,0,North America,,,
US,True,-75.7802235,"E. Caln, Chester Co., Pennsylvania",39.9909398,United States,0,North America,,,
US,True,-79.97894,"Clover Hill, Washington Co., Pennsylvani",40.0859059,United States,0,North America,,,
US,True,-76.7429746,"York County, Pennsylvania",39.9731431,United States,0,North America,,,
US,True,-77.7278831,Pennsylvania,40.9699889,United States,0,North America,,,
GB,True,-3.73893,Wales,52.2928116,Wales,0,Europe,,,
US,True,-75.3139227,"Richland, Bucks County, Pennsylvania",40.4454352,United States,0,North America,,,
US,True,-75.2737955,"Upper Darby, Pennsylvania",39.9284459,United States,0,North America,,,
US,True,-75.6599297,"Christiana, Delaware",39.6651122,United States,0,North America,,,
US,True,-74.6850935,"Roxbury, Morris County, New Jersey",40.9026666,United States,0,North America,,,
IE,True,-7.9794599,"Balleymoney, County Antrim, Ireland",52.865196,Ireland,0,Europe,,,
US,True,-75.7652424,"Alglen, Chester Co., Pennsylvania",39.9829308,United States,0,North America,,,
US,True,-75.9937401,"Salisbury, Lancaster Co., Pennsylvania",40.0403575,United States,0,North America,,,
US,True,-78.6212207,"Hampshire Co., West Virginia",39.3015109,United States,0,North America,,,
IE,True,-9.2979572,"Carrickfergus, Antrim County, Ireland",53.8598047,Ireland,0,Europe,,,
US,True,-75.6115893,"Pikeland, Chester County, Pennsylvania",40.1003815,United States,0,North America,,,
US,True,-75.6709997,"East Caln, Chester County, Pennsylvania",40.0124277,United States,0,North America,,,
US,True,-75.6709997,"East Caln, Chester Co., Pennsylvania",40.0124277,United States,0,North America,,,
US,True,-75.662956,"New Castle Co., Delaware",39.6159851,United States,0,North America,,,
US,True,-76.9368682,"Warrington, York County, Pennsylvania",40.0656653,United States,0,North America,,,
US,True,-76.9382069,"Gunpowder Forest, Maryland",39.5162401,United States,0,North America,,,
US,True,-76.8040544,"Newberry, York County, Pennsylvania",40.1302489,United States,0,North America,,,
US,True,-71.4165905,"Framingham, Mass.",42.2773177,United States,0,North America,,,
FR,True,167.494783,"Northampton Twp., Burlington Co., New Je",-22.643558,France,0,Europe,,,
US,True,-74.8917412,"Evesham, Burlington Co., New Jersey",39.851752,United States,0,North America,,,
US,True,-85.8446874,"Sinking Spring,Hodgenville,Hardin Co.,KY",37.6729099,United States,0,North America,,,
US,True,-89.6439575,"Oak Ridge Cemetary,Springfield, Illinois",39.7990175,United States,0,North America,,,
US,True,-79.1525761,"Augusta Co., VA",38.1793809,United States,0,North America,,,
US,True,-90.0059483,"Farmington, IL",40.6980933,United States,0,North America,,,
US,True,-84.3715286,"Campbell Co., KY",38.9339799,United States,0,North America,,,
US,True,-87.0330532,"Gentryville, IN",38.1042183,United States,0,North America,,,
US,True,-75.9433305,"Berks Co., PA",40.4113762,United States,0,North America,,,
US,True,-85.664528,"Jefferson Co., KY",38.1787175,United States,0,North America,,,
US,True,-74.2737573,"Freehold, NJ",40.2601096,United States,0,North America,,,
US,True,-78.8949442,"Linville's Creek, Rockingham Co., VA",38.5080288,United States,0,North America,,,
US,True,-78.8949442,"Rockingham Co., VA",38.5080288,United States,0,North America,,,
US,True,-73.0994297,"Smithtown, Long Island, NY",40.8514971,United States,0,North America,,,
US,True,-85.4741595,"Nelson Co., KY",37.8078463,United States,0,North America,,,
US,True,-76.9166241,"Howard Co., MD",39.2305289,United States,0,North America,,,
MD,True,28.5670941,MD,47.2879608,Moldova,0,Europe,,,
US,True,-70.8897676,"Hingham, MA",42.2417669,United States,0,North America,,,
US,True,-80.2050603,"Amity, PA",40.0395169,United States,0,North America,,,
US,True,-75.3691421,"Sussex Co., DE",38.6908097,United States,0,North America,,,
US,True,-76.7161921,"Richmond Co., VA",37.9476108,United States,0,North America,,,
US,True,-76.4723233,"Lancaster Co., VA",37.7625738,United States,0,North America,,,
US,True,-76.492786,"Annapolis, MD",38.9786401,United States,0,North America,,,
US,True,-76.573454,"Anne Arundel, MD",38.9722583,United States,0,North America,,,
US,True,-70.7261966,"Scituate, MA",42.1924492,United States,0,North America,,,
US,True,-73.9991871,"Gravesend, L.I., NY",40.5786095,United States,0,North America,,,
GB,True,-2.0179774,"Kingston, Wiltshire, England",51.3509098,England,0,Europe,,,
US,True,-76.573454,"Anne Arundel Co., MD",38.9722583,United States,0,North America,,,
GB,True,0.9845613,"Hingham, Norfolk, England",52.5796849,England,0,Europe,,,
IE,True,-9.2312574,probably Ireland,51.4921527,Ireland,0,Europe,,,
US,True,-70.9078243,"Hull, MA",42.3020436,United States,0,North America,,,
US,True,-74.1671114,"Monmouth Co., NJ",40.2932319,United States,0,North America,,,
US,True,-70.9391625,"Weymouth, MA",42.2212188,United States,0,North America,,,
GB,True,0.9845613,"Hingham, England",52.5796849,England,0,Europe,,,
US,True,-84.4970393,"Lexington, KY",38.0464066,United States,0,North America,,,
US,True,-89.6439575,"Springfield, IL",39.7990175,United States,0,North America,,,
US,True,-77.0365427,Washington D.C.,38.8950368,United States,0,North America,,,
US,True,-76.9013489,"Pope's Creek, Westmoreland Co., Virginia",38.1420779,United States,0,North America,,,
US,True,-77.0888199,"Mount Vernon, Fairfax Co., Virginia",38.710179,United States,0,North America,,,
US,True,-76.9990453,"New Kent Co., VA",37.4974701,United States,0,North America,,,
US,True,-77.0888199,"Mount Vernon, Fairfax Co., VA",38.710179,United States,0,North America,,,
US,True,-76.9491371,"Wakefield, Westmoreland Co., Virginia",38.1720754,United States,0,North America,,,
US,True,-77.175356,"Ferry Farm, King George Co., Virginia",38.2786312,United States,0,North America,,,
US,True,-77.4605399,"Fredericksburg, VA",38.3031837,United States,0,North America,,,
US,True,-76.7567355,"Westmoreland Co., Virginia",38.1153203,United States,0,North America,,,
US,True,-76.4746982,"Warner Hall, Gloucester Co., Virginia",37.3396678,United States,0,North America,,,
GB,True,-3.5885335,"Whitehaven, Cumberland, England",54.5474199,England,0,Europe,,,
US,True,-76.5258553,"Epping Forest, Lancaster Co., VA",37.7913044,United States,0,North America,,,
GB,True,-2.7285361,"West Chester, England",53.1637979,England,0,Europe,,,
GB,True,0.695894,"Purleigh, Essex, England",51.6724344,England,0,Europe,,,
US,True,-76.7567355,"Washington Paris, Westmoreland Co., VA",38.1153203,United States,0,North America,,,
US,True,-76.7567355,"Westmoreland Co., VA",38.1153203,United States,0,North America,,,
US,True,-76.5156945,"York Co., VA",37.2230374,United States,0,North America,,,
US,True,-76.4746982,"Warner Hall, VA",37.3396678,United States,0,North America,,,
GB,True,-0.6061121,"Millenbeck, Lancaster Co., England",53.2159865,England,0,Europe,,,
IN,True,94.2538308,"Sulgrave Manor, Northamptonshire, Englan",26.1801353,India,0,Asia,,,
GB,True,0.4646698,"Malden, Essex, England",51.7704679,England,0,Europe,,,
GB,True,-0.6609205,"Tring, Hertfordshire, England",51.7940357,England,0,Europe,,,
US,True,-76.8113548,"Cliffs, Westmoreland Co., VA",38.1662418,United States,0,North America,,,
GB,True,1.0,"Norfolk, England",52.666667,England,0,Europe,,,
GB,True,-1.4762773,"Linkenholt, Hampshire, England",51.3198054,England,0,Europe,,,
US,True,-76.5594479,"Gloucester Co., VA",37.4452288,United States,0,North America,,,
GB,True,-0.0622673,"Tyes Hall, Cuckfields, Sussex, England",50.9445139,England,0,Europe,,,
IN,True,94.2538308,"Little Creaton, Northamptonshire, Englan",26.1801353,India,0,Asia,,,
GB,True,-2.2439196,"Burnley, Lancashire, England",53.7907262,England,0,Europe,,,
IT,True,11.7598285,"Nether Boddingto, Northamptonshire, Engl",46.8334196,Italy,0,Europe,,,
GB,True,-1.5536906,"Radway Grange, Warwickshire, England",52.3213064,England,0,Europe,,,
GB,True,-0.9628308,"Great Creaton, Northamptonshire, England",52.3414301,England,0,Europe,,,
GB,True,-2.6790876,"Barnside, Lancashire, England",53.6688447,England,0,Europe,,,
GB,True,-1.4425384,"Faccombe, Hampshire, England",51.3171692,England,0,Europe,,,
GB,True,-0.1266769,"St Martin, Westminster, London, England",51.5088275,England,0,Europe,,,
MA,True,-7.3362482,"Rye, New York (or Milton, MA ??)",31.1728205,Morocco,0,Africa,,,
US,True,-73.6840902,"Rye, NY",40.9821371,United States,0,North America,,,
US,True,-71.2661597,"Bristol, RI",41.6770463,United States,0,North America,,,
US,True,-76.6787565,"Springport, NY",42.853434,United States,0,North America,,,
US,True,-72.2125789,"Lebanon, CT",41.6362097,United States,0,North America,,,
ES,True,1.5745043,"prob. Lebanon, CT",41.8523094,Spain,0,Europe,,,
US,True,-77.615214,"Rochester, NY",43.157285,United States,0,North America,,,
US,True,-77.4759588,"Penfield, NY",43.1301133,United States,0,North America,,,
US,True,-73.4392637,"Cambridge, NY",43.007994,United States,0,North America,,,
US,True,-84.5124602,"Cincinnati, OH",39.1014537,United States,0,North America,,,
US,True,-76.5483724,"Ithaca, NY",42.4374175,United States,0,North America,,,
US,True,-81.0921335,"Savannah, GA",32.0790074,United States,0,North America,,,
US,True,-74.2189954,"Brick Church, NJ",40.7654209,United States,0,North America,,,
US,True,-83.0007065,"Columbus, OH",39.9622601,United States,0,North America,,,
US,True,-83.0076657,"Franklin Co., OH",40.0283162,United States,0,North America,,,
US,True,-71.849017,"Watch Hill, RI",41.3142611,United States,0,North America,,,
US,True,-74.0060152,"New York, NY",40.7127281,United States,0,North America,,,
US,True,-70.6546639,"near Walker's Pt, York Co., Maine",43.4229305,United States,0,North America,,,
IE,True,-7.3488953,"Roth, Down, Ireland",53.5980864,Ireland,0,Europe,,,
IE,True,-7.3488953,"Rathfriland, Down, Ireland",53.5980864,Ireland,0,Europe,,,
US,True,-91.9896892,"Monroe Co., MO",39.494421,United States,0,North America,,,
US,True,-91.1825617,"Pike Co., MO",39.3683251,United States,0,North America,,,
US,True,-90.1910154,"St. Louis, MO",38.6280278,United States,0,North America,,,
US,True,-78.0141069,"Culpepper Co., VA",38.4557813,United States,0,North America,,,
US,True,-75.1263909,"Bucks Co., PA",40.3451668,United States,0,North America,,,
US,True,-75.1635262,"Philadelphia, PA",39.9527237,United States,0,North America,,,
US,True,-73.4981792,"Ridgefield, CT",41.2814842,United States,0,North America,,,
CA,True,-80.4089749,"Grand River, Upper Canada",43.4459342,Canada,0,North America,,,
US,True,-70.3036163,"Barnstable, MA",41.7016936,United States,0,North America,,,
US,True,-70.0758508,"Harwich, Barnstable Co., MA",41.6862224,United States,0,North America,,,
US,True,-70.3036163,"Barnstable Co., MA",41.7016936,United States,0,North America,,,
US,True,-70.0758508,"Harwich, MA",41.6862224,United States,0,North America,,,
US,True,-73.5434695,"Oblong, NY",41.5846415,United States,0,North America,,,
US,True,-77.9955006,"Portage, NY",42.5604851,United States,0,North America,,,
US,True,-73.1304917,"Stratford, CT",41.1923646,United States,0,North America,,,
US,True,-75.9381806,"Cecil Co., MD",39.5729428,United States,0,North America,,,
US,True,-70.4533844,"Biddeford, Maine",43.4925843,United States,0,North America,,,
US,True,-83.1779537,"Tiffin, OH",41.114485,United States,0,North America,,,
US,True,-75.9176859,"St. Stephen's, Cecil Co., MD",39.4254064,United States,0,North America,,,
US,True,-86.5430558,"near Bloomington, IN",39.1700589,United States,0,North America,,,
MA,True,-7.3362482,MA,31.1728205,Morocco,0,Africa,,,
US,True,-71.2494938,"Rehoboth, MA",41.8403786,United States,0,North America,,,
US,True,-71.1897684,"Swansea, MA",41.7481575,United States,0,North America,,,
US,True,-73.9283672,"Poughkeepsie, NY",41.7065539,United States,0,North America,,,
US,True,-70.5129682,"Edgartown, MA",41.3894198,United States,0,North America,,,
US,True,-73.802016,"Pleasant Valley, NY",41.7583875,United States,0,North America,,,
US,True,-71.1711648,"Little Compton, RI",41.5101085,United States,0,North America,,,
JM,True,-76.3191891,"Lebanan, NH",17.9750389,Jamaica,0,North America,,,
US,True,-73.8712155,"Saratoga, NY",43.0833231,United States,0,North America,,,
US,True,-73.965047,"Esopus, NY",41.8278036,United States,0,North America,,,
US,True,-75.8449946,"prob. Poughkeeps, NY",43.1561681,United States,0,North America,,,
US,True,-75.4583956,"Rome, NY",43.2102196,United States,0,North America,,,
US,True,-71.1286594,"Easton, MA",42.0245442,United States,0,North America,,,
US,True,-72.3050803,"Coventry, CT",41.7700987,United States,0,North America,,,
US,True,-74.8534838,"Springfield, NY",42.8361841,United States,0,North America,,,
US,True,-71.3281114,"Wrentham, MA",42.0667652,United States,0,North America,,,
US,True,-71.4328363,"Cumberland, RI",41.9667656,United States,0,North America,,,
US,True,-70.6156969,"Tisbury, MA",41.4576223,United States,0,North America,,,
US,True,-72.5002608,"Middletown Sprin, VT",44.5990718,United States,0,North America,,,
US,True,-73.1968205,"Bennington, VT",42.8788667,United States,0,North America,,,
US,True,-73.6686982,"Clinton, NY",44.7278943,United States,0,North America,,,
DE,True,8.8668632,"Lomersheim, Wuerttemberg, Germany",48.9326355,Germany,0,Europe,,,
US,True,-77.4118135,"Frederick Co., MD",39.4608481,United States,0,North America,,,
US,True,-71.0578303,"Boston, MA?",42.3588336,United States,0,North America,,,
US,True,-71.1408776,"Andover, MA",42.65717,United States,0,North America,,,
MA,True,-7.3362482,"prob. Lynn, MA",31.1728205,Morocco,0,Africa,,,
US,True,-71.0760878,"Bradford, MA",42.7652102,United States,0,North America,,,
US,True,-71.1040018,"Cambridge, MA",42.3656347,United States,0,North America,,,
US,True,-71.4161725,"Sudbury, MA",42.3834278,United States,0,North America,,,
MA,True,-7.3362482,"Concrod, MA",31.1728205,Morocco,0,Africa,,,
US,True,-71.3488963,"Concord, MA",42.4605189,United States,0,North America,,,
US,True,-71.0993581,"Stoneham, MA",42.4802635,United States,0,North America,,,
US,True,-71.6129907,"Westborough, MA",42.2694308,United States,0,North America,,,
US,True,-95.3191476,"Westboro, MA",40.5347196,United States,0,North America,,,
US,True,-73.9497211,"Brooklyn, NY",40.6526006,United States,0,North America,,,
US,True,-70.8411583,"Ipswich, MA",42.679273,United States,0,North America,,,
US,True,-71.9059042,"Stonington, CT",41.3359327,United States,0,North America,,,
US,True,-75.6429625,"Pottstown, CT",40.2509296,United States,0,North America,,,
US,True,-71.1843234,"Watertown, MA",42.3652576,United States,0,North America,,,
US,True,-76.5614129,"Scipio, NY",42.7948111,United States,0,North America,,,
US,True,-75.6496424,"Pottstown, PA",40.2452976,United States,0,North America,,,
US,True,-72.5891221,"Hadley, MA",42.3423259,United States,0,North America,,,
US,True,-72.6525922,"Wethersfield, CT",41.7142665,United States,0,North America,,,
US,True,-71.0850853,"Roxbury, MA",42.3289067,United States,0,North America,,,
US,True,-72.3646313,"Hebron, CT",41.6582474,United States,0,North America,,,
US,True,-70.743658,"Kittery, Maine",43.0856724,United States,0,North America,,,
US,True,-71.0612744,"Dorchester, MA",42.301376,United States,0,North America,,,
US,True,-78.6086754,"Albemarle Co., VA",38.0085107,United States,0,North America,,,
US,True,-85.9124842,"Glasgow, KY",36.995906,United States,0,North America,,,
US,True,-92.5617875,MO,38.7604815,United States,0,North America,,,
US,True,-83.9314465,"Blount Co., TN",35.6719722,United States,0,North America,,,
US,True,-93.8406302,"Dade Co., MO",37.4323036,United States,0,North America,,,
US,True,-92.8249579,"Cooper Co., MO",38.8452595,United States,0,North America,,,
US,True,-93.0021426,"Otterville, MO",38.6997409,United States,0,North America,,,
PA,True,-81.1308434,PA,8.559559,Panama,0,North America,,,
US,True,-77.3269307,"Emmitsburg, MD",39.7045417,United States,0,North America,,,
US,True,-96.7837626,"on the steamship, ""Minnehaha""",43.6680284,United States,0,North America,,,
DE,True,10.4478313,Germany,51.1638175,Germany,0,Europe,,,
MD,True,28.5670941,"Frederickstown, MD",47.2879608,Moldova,0,Europe,,,
US,True,-74.7226665,"Burlington, NJ",39.9325409,United States,0,North America,,,
US,True,-88.9939147,"Bloomington, IL",40.4797828,United States,0,North America,,,
US,True,-70.4771132,"Kennebunkport, York Co., ME",43.3614989,United States,0,North America,,,
US,True,-71.4128343,"Providence, RI",41.8239891,United States,0,North America,,,
GB,True,-1.7519186,"Bradford, England",53.7944229,England,0,Europe,,,
US,True,-76.3056707,"Lancaster, PA",40.0379958,United States,0,North America,,,
US,True,-76.1938384,"Albermarle Co., VA",36.7031592,United States,0,North America,,,
US,True,-71.0619957,"Charlestown, Massachusetts",42.3778749,United States,0,North America,,,
GB,True,-0.3304262,"Odell, Bedfordshire, England",52.0307897,England,0,Europe,,,
US,True,-72.7217781,"Plymouth, VT",43.5355839,United States,0,North America,,,
US,True,-70.9731097,"Marlboro, MA (?)",42.7167588,United States,0,North America,,,
US,True,-72.5945649,"Chester, VT",43.2629706,United States,0,North America,,,
US,True,-72.7011648,"Ludlow, VT",43.3961459,United States,0,North America,,,
GB,True,0.8966564,"Stoke-by-Nayland, Suffolk, England",51.9892706,England,0,Europe,,,
GB,True,-0.2235779,"Fen Stanton, Huntingdonshire, England",52.371044,England,0,Europe,,,
US,True,-70.6673851,"Plymouth, Plymouth Co., Massachusetts",41.9583799,United States,0,North America,,,
US,True,-71.0850853,"Roxbury, Massachusetts",42.3289067,United States,0,North America,,,
US,True,-70.8897676,"Hingham, Massachusetts",42.2417669,United States,0,North America,,,
US,True,-72.5751341,"South Hadley, MA",42.2591392,United States,0,North America,,,
US,True,-70.9391625,"Weymouth, Massachusetts",42.2212188,United States,0,North America,,,
US,True,-71.1843234,"Watertown, Massachusetts",42.3652576,United States,0,North America,,,
US,True,-72.6908547,"Hartford, CT",41.764582,United States,0,North America,,,
US,True,-71.1755732,"Dedham, Norfolk Co., Massachusetts",42.2489143,United States,0,North America,,,
US,True,-71.0612744,"Dorchester, Massachusetts",42.301376,United States,0,North America,,,
US,True,-70.9754432,"Bridgewater, Plymouth Co., Massachusetts",41.9902206,United States,0,North America,,,
US,True,-70.9391625,"Weymouth, Norfolk Co., Massachusetts",42.2212188,United States,0,North America,,,
US,True,-70.7618592,"Rehoboth, Plymouth Co., Massachusetts",41.9426657,United States,0,North America,,,
NL,True,5.6343227,The Netherlands,52.2434979,Netherlands,0,Europe,,,
US,True,-77.1793543,"Berkeley, Charles City Co., Virginia",37.3183245,United States,0,North America,,,
US,True,-77.0365528,"White House, Washington D.C.",38.8976387,United States,0,North America,,,
US,True,-84.7522664,"Harrison Tomb, North Bend, Ohio",39.1519496,United States,0,North America,,,
US,True,-84.7480038,"North Bend, Ohio",39.1525576,United States,0,North America,,,
US,True,-86.1583502,"Indianapolis, Indiana",39.7683331,United States,0,North America,,,
US,True,-86.1583502,"Crown Hill Cem., Indianapolis, Indiana",39.7683331,United States,0,North America,,,
US,True,-74.8335332,"Flatbrook, Sussex Co., New Jersey",41.1970106,United States,0,North America,,,
US,True,-82.6881395,"Fort Washington, (now Cincinnati), Ohio",40.2253569,United States,0,North America,,,
US,True,-77.43428,"Richmond, Virginia",37.5385087,United States,0,North America,,,
US,True,-84.5124602,"Cincinnati, Ohio",39.1014537,United States,0,North America,,,
US,True,-87.5286325,"Vincennes, Indiana",38.6772691,United States,0,North America,,,
US,True,-84.7480038,"Point Farm, Nr North Bend, Ohio",39.1525576,United States,0,North America,,,
US,True,-74.4809868,"Morristown, New Jersey",40.7970382,United States,0,North America,,,
US,True,-84.7160121,"Boone Co., Kentucky",38.9589235,United States,0,North America,,,
US,True,-77.9037226,"Mercersburg, Pennsylvania",39.8282214,United States,0,North America,,,
US,True,-84.7420519,"Oxford, Ohio",39.5103048,United States,0,North America,,,
US,True,-75.2580212,"Honesdale, Pennsylvania",41.5771005,United States,0,North America,,,
US,True,-74.0060152,"New York City, New York",40.7127281,United States,0,North America,,,
US,True,-85.7260804,"Madison, Indiana",40.1624531,United States,0,North America,,,
US,True,-112.036277,"Helena, Montana",46.5927425,United States,0,North America,,,
US,True,-78.6390989,"Raleigh, North Carolina",35.7803977,United States,0,North America,,,
US,True,-89.8658956,"Carter's Sta., Tennessee",35.1009665,United States,0,North America,,,
US,True,-86.8883332,"Greenville, Tennessee",36.2969971,United States,0,North America,,,
US,True,-82.8309861,"Greeneville, Tennessee",36.1631575,United States,0,North America,,,
US,True,-82.1194772,"Carter County, Tennessee",36.2840805,United States,0,North America,,,
US,True,-86.7742984,"Nashville, Tennessee",36.1622767,United States,0,North America,,,
US,True,-82.2609685,"Bluff City, Tennessee",36.4742705,United States,0,North America,,,
US,True,-82.2107617,"Elizabethton, Tennessee",36.3487756,United States,0,North America,,,
US,True,-82.9023711,"Cedar Creek, Tennessee",36.0239908,United States,0,North America,,,
US,True,-82.738763,"Afton, Tennessee",36.1939922,United States,0,North America,,,
US,True,-73.0994297,"Oyster Bay, Long Island, New York",40.8514971,United States,0,North America,,,
US,True,-73.4717446,"Youngs Mem. Cem.,Oyster Bay,Long Island,",40.6548612,United States,0,North America,,,
US,True,-71.1582378,"Chestnut Hill, Boston, Massachusetts",42.3351314,United States,0,North America,,,
US,True,-71.1187829,"Greenwood Cem., Brookline, Massachusetts",42.332918,United States,0,North America,,,
US,True,-81.6182086,"Aiken, South Carolina",33.5723191,United States,0,North America,,,
US,True,-72.0759008,"Norwich, Connecticut",41.5243537,United States,0,North America,,,
FR,True,0.3138532,"Normandy, France",49.0677708,France,0,Europe,,,
US,True,-73.4998608,"Oyster Bay, New York",40.7696568,United States,0,North America,,,
US,True,-149.680909,Alaska,64.4459613,United States,0,North America,,,
US,True,-80.0961538,"Palm Springs, Florida",26.6359009,United States,0,North America,,,
FR,True,3.2346145,"Cambrai, France",50.1757546,France,0,Europe,,,
US,True,-76.610759,"Baltimore, Maryland",39.2908816,United States,0,North America,,,
US,True,-73.9855319,"Manhattan, New York",40.7579554,United States,0,North America,,,
US,True,-72.5572913,"Brattleboro, Vermont",42.8507588,United States,0,North America,,,
US,True,-74.0060152,"Cold Spring Har., New York",40.7127281,United States,0,North America,,,
US,True,-96.536658,"Denison, Texas",33.7556593,United States,0,North America,,,
US,True,-97.21377,"Abilene, Kansas",38.917252,United States,0,North America,,,
US,True,-93.9254114,"Boone, Iowa",42.0171798,United States,0,North America,,,
US,True,-77.0365427,"Walter Reed Hos., Washington D.C.",38.8950368,United States,0,North America,,,
US,True,-104.984862,"Denver, Colorado",39.7392364,United States,0,North America,,,
US,True,-76.8149641,"Camp Meade, Maryland",39.1009772,United States,0,North America,,,
US,True,-85.9038521,"Fort Knox, Kentucky",37.8976552,United States,0,North America,,,
US,True,-71.1187829,"Brookline, Norfolk Co., Massachusetts",42.332918,United States,0,North America,,,
US,True,-96.7968559,"Dallas, Dallas Co., Texas",32.7762719,United States,0,North America,,,
US,True,-77.0841585,"Arlington Cem.,Arlington Co.,Arlington,V",38.8903961,United States,0,North America,,,
US,True,-73.0994297,"Southampton, Long Island, New York",40.8514971,United States,0,North America,,,
US,True,-69.9974153,"Otis AF Base,Falmouth,Barnstable Co.,Mas",41.8809205,United States,0,North America,,,
US,True,-71.0578303,"Boston, Suffolk Co., Massachusetts",42.3588336,United States,0,North America,,,
US,True,-71.0392173,"East Boston, Suffolk Co., Massachusetts",42.3750973,United States,0,North America,,,
US,True,-70.2983549,"Hyannis Port, Barnstable, Massachusetts",41.6334445,United States,0,North America,,,
US,True,-70.9078243,"Hull, Plymouth Co., Massachusetts",42.3020436,United States,0,North America,,,
FR,True,4.3986525,"Ste-Bauzille, Ardeche, France",44.815194,France,0,Europe,,,
GB,True,-0.8754678,"Chatsworth, England",51.0320838,England,0,Europe,,,
US,True,-75.5052766,"Los Angeles,Los Angeles Co.,Massachusett",39.1066354,United States,0,North America,,,
US,True,-77.0893094,"Arlington Cem., Arlington Co., Virginia",38.8769326,United States,0,North America,,,
US,True,-72.9965503,"Boston, Suffolk Co., New York",40.8146879,United States,0,North America,,,
US,True,-87.6244212,"Chicago, Cook Co., Illinois",41.8755616,United States,0,North America,,,
US,True,-73.90639,"Riverdale, New York",40.90056,United States,0,North America,,,
US,True,-73.313629,"Greenwich, Fairfield Co., Connecticut",41.308399,United States,0,North America,,,
US,True,-80.0361517,"Palm Beach, Palm Beach Co., Florida",26.7056172,United States,0,North America,,,
US,True,-73.8320784,"Bronxville, Westchester Co., New York",40.9381544,United States,0,North America,,,
US,True,-95.9383758,"Omaha, Nebraska",41.2587459,United States,0,North America,,,
US,True,-87.6244212,"Chicago, Illinois",41.8755616,United States,0,North America,,,
GE,True,44.0287806,"Plains, Georgia",41.6808672,Georgia,0,Asia,,,
US,True,-77.0816368,"Greenway, Charles City Co., Virginia",37.340981,United States,0,North America,,,
US,True,-77.43428,"Hollywood Cemetary, Richmond, Virginia",37.5385087,United States,0,North America,,,
US,True,-77.1165521,"Cedar Grove, New Kent Co., Virginia",37.4857339,United States,0,North America,,,
US,True,-77.1808124,"Cedar Grove, Plantation, Virginia",37.3153849,United States,0,North America,,,
US,True,-77.0605098,"Charles City Co., Virginia",37.3705777,United States,0,North America,,,
US,True,-76.9990453,"New Kent Co., Virginia",37.4974701,United States,0,North America,,,
US,True,-86.3090775,"Montgomery, Alabama",32.3777111,United States,0,North America,,,
US,True,-118.755997,California,36.7014631,United States,0,North America,,,
US,True,-72.0942469,"Gardiners Island, New York",41.0841161,United States,0,North America,,,
US,True,-78.4927721,"Hollywood Cem., Virginia",37.1232245,United States,0,North America,,,
US,True,-72.1847598,"East Hampton, New York",40.9633868,United States,0,North America,,,
FR,True,1.9013951,"Sherwood Forest,Charles City Co.,Virgini",49.8470553,France,0,Europe,,,
US,True,-77.0202228,"Sherwood Forest, Virginia",37.3340695,United States,0,North America,,,
US,True,-79.0392919,North Carolina,35.6729639,United States,0,North America,,,
US,True,-76.019111,"Wyoming, Pennsylvania",41.5179097,United States,0,North America,,,
US,True,-78.4766781,"Charlottesville, Virginia",38.029306,United States,0,North America,,,
US,True,-74.2765366,"Caldwell, New Jersey",40.8398218,United States,0,North America,,,
US,True,-74.6597376,"Princeton, New Jersey",40.3496953,United States,0,North America,,,
US,True,-78.8781493,"Buffalo, New York",42.8864163,United States,0,North America,,,
US,True,-71.6553992,New Hampshire,43.4849133,United States,0,North America,,,
US,True,-70.6154965,"Buzzards Bay, Massachusetts",41.7452589,United States,0,North America,,,
US,True,-71.0500952,"Buzzard Bay, Massachusetts",41.5677879,United States,0,North America,,,
GB,True,-1.0687914,"Redcar, Yorkshire, England",54.6179021,England,0,Europe,,,
US,True,-70.9478343,"Exeter, New Hampshire",42.981477,United States,0,North America,,,
US,True,-94.2768736,"Lamar, Missouri",37.4950527,United States,0,North America,,,
US,True,-94.5781416,"Kansas City, Missouri",39.100105,United States,0,North America,,,
US,True,-94.420836,"Truman Library, Independence, Missouri",39.1033759,United States,0,North America,,,
US,True,-94.4137923,"Independence, Missouri",39.0924792,United States,0,North America,,,
US,True,-78.3126798,"Zebulon, North Carolina",35.8212013,United States,0,North America,,,
US,True,-73.9373912,"Hyde Park, Dutchess County, New York",41.7841956,United States,0,North America,,,
GE,True,44.0287806,"Warm Springs, Georgia",41.6808672,Georgia,0,Asia,,,
US,True,-73.9373912,"Hyde Park, New York",41.7841956,United States,0,North America,,,
CA,True,-66.9193702,"Campobello, New Brunswick, Canada",44.8938472,Canada,0,North America,,,
US,True,-73.9283672,"Poughkeepsie, New York",41.7065539,United States,0,North America,,,
US,True,-73.9855319,"Manhattan, New York City, New York",40.7579554,United States,0,North America,,,
GB,True,-2.4894478,"Birkenhead, Cheshire, England",53.2594617,England,0,Europe,,,
US,True,-80.0025666,"Pittsburgh, Pennsylvania",40.4406968,United States,0,North America,,,
US,True,-92.7929262,"Elizabeth, Louisiana",30.868526,United States,0,North America,,,
ES,True,2.8829185,Majorca,39.613432,Spain,0,Europe,,,
US,True,-75.546589,"Wilmington, Delaware",39.7459468,United States,0,North America,,,
US,True,-82.9118591,"Grosse Pointe, Michigan",42.3861485,United States,0,North America,,,
MX,True,-99.1514678,"Mexico City, Mexico",19.3207722,Mexico,0,North America,,,
US,True,-71.3488963,"Concord, Massachusetts",42.4605189,United States,0,North America,,,
US,True,-91.3459735,"West Branch, Iowa",41.6720735,United States,0,North America,,,
US,True,-91.3459735,"Hoover Cemetery, West Branch, Iowa",41.6720735,United States,0,North America,,,
US,True,-92.3328743,"Waterloo, Iowa",42.498275,United States,0,North America,,,
US,True,-73.9733616,"Waldorf Astoria, New York City, New York",40.756502,United States,0,North America,,,
US,True,-122.4075201,"San Francisco, California",37.7879363,United States,0,North America,,,
US,True,-118.144155,"Pasadena, California",34.1476507,United States,0,North America,,,
US,True,-110.974847,"Tucson, Arizona",32.2228765,United States,0,North America,,,
US,True,-79.072557,"Staunton, Virginia",38.1495947,United States,0,North America,,,
US,True,-77.0365427,"Washington Cath., Washington D.C.",38.8950368,United States,0,North America,,,
GE,True,46.0952777,"Savannah, Georgia",41.4638889,Georgia,0,Asia,,,
GE,True,44.8031427,"Myrtle Hill Cem., Rome, Georgia",41.7046633,Georgia,0,Asia,,,
GE,True,44.0287806,"Gainesville, Georgia",41.6808672,Georgia,0,Asia,,,
IN,True,79.8069488,"Pondicherry, India",10.9156489,India,0,Asia,,,
US,True,-71.1040018,"Cambridge, Massachusetts",42.3656347,United States,0,North America,,,
US,True,-72.6509061,"Middletown, Connecticut",41.5623178,United States,0,North America,,,
US,True,-119.6320753,"Montecito, California",34.4366626,United States,0,North America,,,
US,True,-79.3408743,"South Bethlehem, Pennsylvania",40.9995097,United States,0,North America,,,
GE,True,44.0287806,"Nr Marietta, Georgia",41.6808672,Georgia,0,Asia,,,
US,True,-72.7217781,"Plymouth, Vermont",43.5355839,United States,0,North America,,,
US,True,-72.032366,"Northhampton, Massachusetts",42.3788774,United States,0,North America,,,
US,True,-73.212906,"Burlington, Vermont",44.4761601,United States,0,North America,,,
US,True,-72.6311006,"Northampton, Massachusetts",42.3178989,United States,0,North America,,,
US,True,-72.8672429,"Plainville, Connecticut",41.6711395,United States,0,North America,,,
US,True,-80.8139485,"Mecklenburg Co., North Carolina",35.2356385,United States,0,North America,,,
US,True,-86.3921096,"Nr Murfreesboro, Tennessee",35.8460396,United States,0,North America,,,
US,True,-78.1136627,"Montebello, Orange Co., Virginia",38.2616274,United States,0,North America,,,
US,True,-85.759407,"Louisville, Jefferson Co., Kentucky",38.2542376,United States,0,North America,,,
US,True,-76.537764,"Calvert Co., Maryland",38.5288529,United States,0,North America,,,
US,True,-88.5452931,"East Pascagoula, Mississippi",30.3454777,United States,0,North America,,,
US,True,-85.664528,"Jefferson Co., Kentucky",38.1787175,United States,0,North America,,,
DE,True,7.8494005,"Freiburg, Germany",47.9960901,Germany,0,Europe,,,
US,True,-91.335247,"Locust Grove, Louisiana",30.837441,United States,0,North America,,,
US,True,-91.4334204,"Bayou Sara, Louisiana",30.7918743,United States,0,North America,,,
US,True,-78.1652404,"Winchester, Virginia",39.1852184,United States,0,North America,,,
US,True,-85.759407,"Nr Louisville, Kentucky",38.2542376,United States,0,North America,,,
US,True,-71.5992372,Rhode Island,41.7962409,United States,0,North America,,,
US,True,-87.3008989,"Fairview, Todd Co., Kentucky",36.8424972,United States,0,North America,,,
US,True,-90.0730259,"New Orleans, Louisiana",29.9559145,United States,0,North America,,,
BF,True,-1.7304754,"Hermitage,Plantation,St James Parish,Lou",11.5231716,Burkina Faso,0,Africa,,,
US,True,-77.9037226,"Stony Batter,Nr Mercersburg,Pennsylvania",39.8282214,United States,0,North America,,,
US,True,-76.330667,"Wheatland, Lancaster, Pennsylvania",40.0431529,United States,0,North America,,,
US,True,-76.3056707,"Lancaster, Pennsylvania",40.0379958,United States,0,North America,,,
US,True,-71.975915,"Hillsboro, New Hampshire",43.1306345,United States,0,North America,,,
US,True,-71.537476,"Concord, New Hampshire",43.207178,United States,0,North America,,,
US,True,-71.537476,"North Cemetary, Concord, New Hampshire",43.207178,United States,0,North America,,,
US,True,-70.8378746,"Hampton, New Hampshire",42.9417199,United States,0,North America,,,
US,True,-71.1408776,"Andover, Massachusetts",42.65717,United States,0,North America,,,
US,True,-71.751376,"Hillsborough, New Hampshire",42.9373379,United States,0,North America,,,
US,True,-72.032366,"Near Andover, Massachusetts",42.3788774,United States,0,North America,,,
US,True,-72.945525,"Fairfield, Vermont",44.8016403,United States,0,North America,,,
US,True,-73.754968,"Albany, New York",42.6511674,United States,0,North America,,,
US,True,-77.9961275,"Culpeper, Virginia",38.4733823,United States,0,North America,,,
US,True,-73.7336018,"Rural Cemetery, Albany, New York",42.7063982,United States,0,North America,,,
US,True,-73.9726508,"Englewood, New Jersey",40.8929329,United States,0,North America,,,
US,True,-104.825348,"Colorado Springs, Colorado",38.8339578,United States,0,North America,,,
US,True,-73.7270761,"Mount Kisco, New York",41.2042616,United States,0,North America,,,
US,True,-75.6059638,"West Chester, Pennsylvania",39.9597213,United States,0,North America,,,
US,True,-84.2338243,"Point Pleasant, Clermont County, Ohio",38.8945107,United States,0,North America,,,
US,True,-73.7497,"Mount McGregor, New York",43.1982984,United States,0,North America,,,
US,True,-73.9686596,"Grant's Tomb, Riverside Park, New York",40.8068797,United States,0,North America,,,
US,True,-90.1910154,"White Haven, St Louis, Missouri",38.6280278,United States,0,North America,,,
US,True,-73.9686596,"Grants Tomb, Riverside Park, New York",40.8068797,United States,0,North America,,,
US,True,-90.1910154,"St Louis, Missouri",38.6280278,United States,0,North America,,,
US,True,-117.7078955,"Bethel, Claremont Co., Ohio",34.1265566,United States,0,North America,,,
US,True,-117.162772,"San Diego, California",32.7174202,United States,0,North America,,,
US,True,-122.5204871,Washington-wish,47.6247126,United States,0,North America,,,
US,True,-75.4785326,Hardscrabble,38.6148367,United States,0,North America,,,
US,True,-122.116578,"Los Altos, California",37.3790629,United States,0,North America,,,
US,True,-85.759407,"Louisville, Kentucky",38.2542376,United States,0,North America,,,
US,True,-84.0373054,"Adrian, Michigan",41.8975152,United States,0,North America,,,
US,True,-119.702667,"Santa Barbara, California",34.4221319,United States,0,North America,,,
IT,True,14.2283708,"Capri, Italy",40.5488429,Italy,0,Europe,,,
US,True,-93.2654692,"Minneapolis, Minnesota",44.9772995,United States,0,North America,,,
US,True,-75.7782679,"Nr Warwick, Maryland",39.4167785,United States,0,North America,,,
US,True,-81.480674,"Orange, Ohio",41.449776,United States,0,North America,,,
US,True,-73.9918038,"Elberon, New Jersey",40.2692785,United States,0,North America,,,
US,True,-81.6936772,"Lakeview Cem., Cleveland, Ohio",41.4996574,United States,0,North America,,,
US,True,-81.2082,"Garretsville, Portage Co., Ohio",41.1496775,United States,0,North America,,,
US,True,-118.755997,"South Pasedena, California",36.7014631,United States,0,North America,,,
US,True,-81.6936772,"Garfield Memor.,Lakeview Cem.,Cleveland,",41.4996574,United States,0,North America,,,
US,True,-81.14371,"Hiram, Ohio",41.312555,United States,0,North America,,,
US,True,-73.2094566,"Williamstown, Massachusetts",42.7135472,United States,0,North America,,,
US,True,-71.0578303,"Boston, Massachusetts",42.3588336,United States,0,North America,,,
US,True,-81.6936772,"Cleveland, Ohio",41.4996574,United States,0,North America,,,
US,True,-82.9651045,"Delaware, Ohio",40.2317686,United States,0,North America,,,
US,True,-83.1134972,"Fremont, Ohio",41.3473413,United States,0,North America,,,
US,True,-83.1305712,"Spiegel Grove, Fremont, Ohio",41.340429,United States,0,North America,,,
US,True,-82.9824019,"Chillicothe, Ohio",39.3331197,United States,0,North America,,,
US,True,-83.5378173,"Toledo, Ohio",41.6529143,United States,0,North America,,,
US,True,-83.1895249,"Marion, Ohio",40.5885271,United States,0,North America,,,
US,True,-82.4583107,"Tampa, Florida",27.9449854,United States,0,North America,,,
US,True,-81.6332812,"Nr Charleston, West Virginia",38.3505995,United States,0,North America,,,
US,True,-70.2177099,"Lewiston, Maine",44.0990717,United States,0,North America,,,
US,True,-83.0007065,"Columbus, Ohio",39.9622601,United States,0,North America,,,
US,True,-73.8905175,"Croton-on-Hudson, New York",41.2088215,United States,0,North America,,,
US,True,-82.640448,"Erie County, Ohio",41.3506462,United States,0,North America,,,
US,True,-112.074141,"Phoenix, Arizona",33.4484367,United States,0,North America,,,
US,True,-82.8001026,"Clearwater, Florida",27.9658533,United States,0,North America,,,
US,True,-80.7653797,"Niles, Ohio",41.1808345,United States,0,North America,,,
US,True,-81.3749508,"Canton, Ohio",40.7985464,United States,0,North America,,,
US,True,-77.0893094,"Arlington Cem., Arlington, Virginia",38.8769326,United States,0,North America,,,
US,True,-73.0438362,"Waterbury, Connecticut",41.5538091,United States,0,North America,,,
US,True,-72.032366,"East Baintree, Massachusetts",42.3788774,United States,0,North America,,,
KE,True,35.2612102,"Nevis, Br West Indies",0.5173804,Kenya,0,Africa,,,
US,True,-91.6392294,"Winona, Minnesota",44.0500054,United States,0,North America,,,
US,True,-82.7165661,"Blooming Grove, Ohio",40.7078357,United States,0,North America,,,
US,True,-71.0037374,"Quincy, Massachusetts",42.2509914,United States,0,North America,,,
US,True,-71.0037374,"Quincy Cong. Ch., Quincy, Massachusetts",42.2509914,United States,0,North America,,,
US,True,-77.004636,"Speaker's Room,Congress, Washington D.C.",38.8886738,United States,0,North America,,,
US,True,-75.6476841,"Lebanon, New York",42.7814571,United States,0,North America,,,
US,True,-73.0994297,"Long Island, New York",40.8514971,United States,0,North America,,,
DE,True,13.3951309,"Berlin, Germany",52.5173885,Germany,0,Europe,,,
RU,True,30.316229,"St. Petersburg, Russia",59.938732,Russian Federation,0,Europe,,,
US,True,-71.1061639,"Medford, Massachusetts",42.4184296,United States,0,North America,,,
US,True,-78.3955647,"Shadwell, Albemarle Co., Virginia",38.0129175,United States,0,North America,,,
US,True,-78.4888829,"Monticello, Charlottesville, Virginia",38.0002518,United States,0,North America,,,
US,True,-78.4888829,"Monticello,Charlottesville,Albemarle,VA",38.0002518,United States,0,North America,,,
US,True,-77.1435878,"Edgehill, King George Co., Virginia",38.2648506,United States,0,North America,,,
US,True,-77.7759715,Eppington,37.3127909,United States,0,North America,,,
US,True,-77.6491356,"Tuckahoe, Goochland Co., Virginia",37.6151025,United States,0,North America,,,
FR,True,-0.8893293,"Monticello,Charlottesville,Albemarle,Vir",48.8385198,France,0,Europe,,,
US,True,-77.2974695,"City Point, Virginia",37.3058161,United States,0,North America,,,
US,True,-78.5547172,"Millbrook, Buckingham Co., Virginia",37.5558826,United States,0,North America,,,
US,True,-77.1860884,"Port Conway, King George Co., Virginia",38.1773528,United States,0,North America,,,
US,True,-78.1684283,"Montpelier, Orange Co., Virginia",38.2188324,United States,0,North America,,,
US,True,-79.7888515,"Guilford Co., North Carolina",36.0875688,United States,0,North America,,,
US,True,-76.7567355,"Monroe's Creek,Westmoreland Co.,Virginia",38.1153203,United States,0,North America,,,
US,True,-77.6203071,"Oak Hill, Loudoun Co., Virginia",38.9973965,United States,0,North America,,,
US,True,-77.43428,"Hollywood Cem., Richmond, Virginia",37.5385087,United States,0,North America,,,
US,True,-77.6014545,"Fredericksburg, Spotsylvania, Virginia",38.2201846,United States,0,North America,,,
FR,True,2.3483915,"Paris, France",48.8534951,France,0,Europe,,,
US,True,-76.7074042,"Williamsburg, Virginia",37.2708788,United States,0,North America,,,
US,True,-80.9491634,"Waxhaws, South Carolina",34.006398,United States,0,North America,,,
US,True,-86.7742984,"Hermitage Garden, Nashville, Tennessee",36.1622767,United States,0,North America,,,
US,True,-79.4364106,"Pittsylvania Co., Virginia",36.8121678,United States,0,North America,,,
US,True,-86.7742984,"The Hermitage, Nr Nashville, Tennessee",36.1622767,United States,0,North America,,,
US,True,-73.6978983,"Kinderhook, Columbia Co., New York",42.3953617,United States,0,North America,,,
US,True,-73.7040339,"Lindenwald, Kinderhook, Columbia Co., NY",42.3698216,United States,0,North America,,,
US,True,-73.6978983,"Kinderhook, New York",42.3953617,United States,0,North America,,,
US,True,-73.6723456,"Columbia Co., New York",42.2415027,United States,0,North America,,,
US,True,-74.0550731,Hudson,40.7381635,United States,0,North America,,,
US,True,-80.4363743,"Sumpter District, South Carolina",33.6874388,United States,0,North America,,,
GB,True,-1.8799118,"Bournemouth, England",50.7201514,England,0,Europe,,,
US,True,-98.6646189,"Nr Stonewall, Texas",30.2359344,United States,0,North America,,,
US,True,-98.4951405,"San Antonio, Texas",29.4246002,United States,0,North America,,,
US,True,-100.2453011,"L.B.J. Ranch, Stonewall, Texas",33.1571742,United States,0,North America,,,
US,True,-94.1704653,"Karnack, Texas",32.6679232,United States,0,North America,,,
US,True,-76.4305376,"Locke, New York",42.6605817,United States,0,North America,,,
US,True,-94.0430937,"Texarkana, Miller Co., AR",33.4254259,United States,0,North America,,,
US,True,-93.3055491,"Nevada Co., AR",33.6413476,United States,0,North America,,,
US,True,-88.9488276,"Ripley, Tippah Co., MS",34.7307014,United States,0,North America,,,
GB,True,-0.6088029,"Kennington, Surrey Co., England",51.2411952,England,0,Europe,,,
US,True,-118.2879082,"Glendale, LA County, CA",34.124677,United States,0,North America,,,
US,True,-87.6244212,"Chicago, IL",41.8755616,United States,0,North America,,,
US,True,-74.1671114,"Monmouth County, NJ",40.2932319,United States,0,North America,,,
US,True,-79.8036548,"Redstone, PA",40.074796,United States,0,North America,,,
US,True,-74.0615285,"Shrewsbury, Monmouth Co, New Jersey",40.3295547,United States,0,North America,,,
US,True,-75.13023,"Abington, Pennsylvania",40.1142201,United States,0,North America,,,
US,True,-85.6359201,"Jennings County, Indiana",38.9957749,United States,0,North America,,,
US,True,-82.4543621,"Washington Twp., Hocking County, Ohio",39.4374403,United States,0,North America,,,
US,True,-75.5625224,"Holy Trinity, Wilmington, Delaware",39.7497103,United States,0,North America,,,
US,True,-75.3791307,"Juanita Co., Pennsylvania",40.13047,United States,0,North America,,,
US,True,-76.6943741,"Northumberland, Pennsylvania",40.8488473,United States,0,North America,,,
US,True,-76.3577373,"Joppa, Maryland",39.433719,United States,0,North America,,,
US,True,-75.9052465,"Sadsbury, Chester County, Pennsylvania",39.9817979,United States,0,North America,,,
IE,True,-6.8371788,"Timahoe, County Kildare, Ireland",53.3333288,Ireland,0,Europe,,,
IE,True,-9.2979572,"Antrim, Ireland",53.8598047,Ireland,0,Europe,,,
US,True,-85.1750475,"Washington Co., KY",37.7310874,United States,0,North America,,,
US,True,-77.7002686,"Concord, PA",40.2517503,United States,0,North America,,,
GB,True,-1.9032487,"Wiltshire, England",51.324162,England,0,Europe,,,
IN,True,94.2538308,"Aston-le-Walls, Northamptonshire, Englan",26.1801353,India,0,Asia,,,
GB,True,-1.1430051,"Newnham, Northamptonshire, England",52.2333842,England,0,Europe,,,
US,True,-84.2046611,"Bourbon Co., KY",38.1944867,United States,0,North America,,,
US,True,-92.5617875,"Monroe, or Randolph Co, MO",38.7604815,United States,0,North America,,,
US,True,-85.1191168,"Henry Co., KY",38.447983,United States,0,North America,,,
US,True,-78.8781493,"Buffalo, NY",42.8864163,United States,0,North America,,,
US,True,-75.9381806,"St. Stephan's, Cecil Co., MD",39.5729428,United States,0,North America,,,
US,True,-76.610759,"Baltimore, MD",39.2908816,United States,0,North America,,,
US,True,-73.6917878,"Troy, NY",42.7284117,United States,0,North America,,,
US,True,-74.0023825,"Kingston, NY",41.9287812,United States,0,North America,,,
US,True,-73.6812293,"Waterford, NY",42.7925778,United States,0,North America,,,
US,True,-72.0759008,"Norwich, CT",41.5243537,United States,0,North America,,,
US,True,-71.915073,"Plainfield, CT",41.6764876,United States,0,North America,,,
US,True,-83.9210261,"Knoxville, TN",35.9603948,United States,0,North America,,,
NO,True,15.1076174,"St. Andrew's Ch, Clifton, Bristol, Engla",68.2691301,Norway,0,Europe,,,
US,True,-83.0281486,"Franklinton, OH",39.9563705,United States,0,North America,,,
US,True,-73.9762762,"St Thomas Church, New York City,New York",40.760858,United States,0,North America,,,
US,True,-86.1858349,"Indianapolis, Indianapolis",39.8259964,United States,0,North America,,,
US,True,-83.094326,"Warrensburg, Greene County, Tennessee",36.1273197,United States,0,North America,,,
US,True,-82.8290318,"Hot Springs, North Carolina",35.8923253,United States,0,North America,,,
US,True,-71.1187829,"Brookline, Massachusetts",42.332918,United States,0,North America,,,
US,True,-76.3069024,"Fort Monroe, Virginia",37.0042943,United States,0,North America,,,
US,True,-71.3137707,"Newport, Rhode Island",41.4899827,United States,0,North America,,,
US,True,-70.3485753,"Centerville, Massachusetts",41.6499298,United States,0,North America,,,
US,True,-85.6678639,"Grand Rapids, Michigan",42.9632425,United States,0,North America,,,
US,True,-73.9957618,"Ch of Ascension, New York City, New York",40.7337665,United States,0,North America,,,
US,True,-74.8644706,"Bristol, Pennsylvania",40.1229002,United States,0,North America,,,
GB,True,-0.1319441,"Westminster, Abbey, London, England",51.4981579,England,0,Europe,,,
US,True,-118.689423,"Malibu, California",34.035591,United States,0,North America,,,
US,True,-118.3963062,"Beverly Hills, California",34.0696501,United States,0,North America,,,
US,True,-118.242766,"Los Angeles, California",34.0536909,United States,0,North America,,,
US,True,-91.1020205,"Burlington, Iowa",40.8126922,United States,0,North America,,,
US,True,-105.2664724,"Grand Canyon, Colorado",40.0170005,United States,0,North America,,,
US,True,-80.1353006,"Miami Beach, Florida",25.7929198,United States,0,North America,,,
CA,True,-124.4879987,"Qualicum, British Columbia, Canada",49.3536179,Canada,0,North America,,,
US,True,-73.7516205,"Dutchess County, New York",41.7194303,United States,0,North America,,,
US,True,-70.9189371,"Nahant, Massachusetts",42.4264859,United States,0,North America,,,
US,True,-121.387742,"Monterey, California",36.2231079,United States,0,North America,,,
US,True,-122.1703055,"Stanford, California",37.4265407,United States,0,North America,,,
US,True,-73.212906,"Burlington, Chittenden Co., Vermont",44.4761601,United States,0,North America,,,
US,True,-86.3921096,"Murfreesboro, Rutherford Co., Tennessee",35.8460396,United States,0,North America,,,
US,True,-91.1474384,"Fort Crawford,Prairie du Chien,Wisconsin",43.0472499,United States,0,North America,,,
US,True,-71.6252484,"Amherst, New Hampshire",42.8642874,United States,0,North America,,,
US,True,-73.9867394,"Calvary Church, New York City, New York",40.7389229,United States,0,North America,,,
US,True,-81.14371,"Hiram, Portage Co., Ohio",41.312555,United States,0,North America,,,
US,True,-81.3399769,"Mentor, Ohio",41.6664781,United States,0,North America,,,
US,True,-81.5370671,"Shaker Heights, Ohio",41.4739419,United States,0,North America,,,
US,True,-81.3749508,"1st Presby Chur., Canton, Ohio",40.7985464,United States,0,North America,,,
US,True,-77.0605098,"The Forest, Charles City Co., Virginia",37.3705777,United States,0,North America,,,
US,True,-77.859581,"Harewood, Nr Charles Town, Virginia",39.2891836,United States,0,North America,,,
US,True,-73.9801228,"Trinity E Church, New York City,New York",40.7260202,United States,0,North America,,,
US,True,-77.4605399,"Fredericksburg, Virginia",38.3031837,United States,0,North America,,,
US,True,-91.403171,"Natchez, Mississippi",31.5604076,United States,0,North America,,,
US,True,-73.8645734,"Catskill, New York",42.2173102,United States,0,North America,,,
US,True,-77.0365427,"Immaculate Conc., Washington D.C.",38.8950368,United States,0,North America,,,
,True,,Will Proved,,,0,,,1767563554.3301816,True
,True,,Chesake,,,0,,,1767563555.336269,True
,True,,Will Processed,,,0,,,1767563556.4205933,True
,True,,Will Dated,,,0,,,1767563557.385984,True
,True,,", Linkenwilt",,,0,,,1767563559.337938,True
,True,,"Of, Wornsley",,,0,,,1767563561.3370187,True
,True,,Of Tewitfield,,,0,,,1767563562.3785717,True
,True,,Of Tevitfield,,,0,,,1767563563.821368,True
,True,,Died Young,,,0,,,1767563564.384236,True
,True,,(88-1571/1572),,,0,,,1767563570.3937829,True
,True,,(30-1492/1493),,,0,,,1767563575.704699,True
ME,True,19.2504929,"Pembroke, Wash, ME",42.4209027,Montenegro,0,Europe,,,
US,True,-75.8907603,"Berks, Co., Penn.",40.3281484,United States,0,North America,,,
US,True,-75.8907603,"Berks, Co., Penn",40.3281484,United States,0,North America,,,
US,True,-77.9809885,"Amelia, Amelia, VA",37.3420146,United States,0,North America,,,
US,True,-79.1165953,"Campbell Co., Virginia",37.2158191,United States,0,North America,,,
US,True,-86.9976446,"Centryville, Spencer, Ind",38.0288806,United States,0,North America,,,
US,True,-70.8164656,"Rockingham, Co., VA.",43.0873606,United States,0,North America,,,
US,True,-85.664528,"Jefferson County, KY",38.1787175,United States,0,North America,,,
US,True,-85.9634901,"Hardin, KY",37.6645815,United States,0,North America,,,
US,True,-89.6439575,"Springfield, Sangamon, IL",39.7990175,United States,0,North America,,,
US,True,-74.2737573,"Freehold, Monmouth, N.J.",40.2601096,United States,0,North America,,,
US,True,-70.9161577,"Hingham, Norfolk, Co., Mass.",42.2834328,United States,0,North America,,,
GB,True,-0.6879482,", Penn.",51.6330228,United Kingdom,0,Europe,,,
US,True,-78.8949442,"Rockingham, VA",38.5080288,United States,0,North America,,,
US,True,-86.3608094,"Beechland, Co., KY.",38.0831211,United States,0,North America,,,
US,True,-85.1750475,"Washington Co., Kentucky",37.7310874,United States,0,North America,,,
IT,True,8.707087,"Bridgewater, Agusta, VA.",45.6343136,Italy,0,Europe,,,
US,True,-78.2670462,"Lunenburg, Co., VA.",36.958328,United States,0,North America,,,
US,True,-75.8907603,"Amity, Berks., Co., Penn.",40.3281484,United States,0,North America,,,
,True,,"Fulton, Whitesides Co IL",,,0,,,1767563695.9108148,True
,True,,Whitesides Co IL,,,0,,,1767563696.854974,True
,True,,"Renfrow, Scotlnd",,,0,,,1767563698.630994,True
,True,,"Paisley, Renfrow, Scotlnd",,,0,,,1767563701.5814557,True
,True,,"Galty, Knockweaddown IR",,,0,,,1767563703.6034513,True
,True,,"West Pike Run, Washington Co., Pennsylva",,,0,,,1767563707.1128771,True
,True,,"Salisbury Twp., Lancaster Co., Pennsylva",,,0,,,1767563709.6410398,True
,True,,"Warrington Twp., York County, Pennsylvan",,,0,,,1767563712.5785701,True
,True,,on trip from Cal,,,0,,,1767563713.7581656,True
