found_country,country_code,country_name,latitude,used,alt_addr,longitude,continent,address
True,US,USA,38.8950368,0,,-77.0365427,North America,"Washington, District of Columbia, USA"
True,US,USA,33.6670616,0,,-93.5915665,North America,"Hope, Hempstead, Arkansas, USA"
True,US,USA,41.8755616,0,,-87.6244212,North America,"Chicago, Cook, Illinois, USA"
True,US,USA,33.6398609,0,,-96.6089146,North America,"Sherman, Grayson, Texas, USA"
True,US,USA,38.7604815,0,,-92.5617875,North America,"Missouri, USA"
True,US,USA,36.876719,0,,-89.5878579,North America,"Sikeston, Scott, Missouri, USA"
True,US,USA,33.5579004,0,,-93.4063842,North America,"Bodcaw, Nevada, Arkansas, USA"
True,US,USA,34.7296814,0,,-88.9119403,North America,"Tippah, Mississippi, USA"
True,US,USA,33.5636114,0,,-96.6702111,North America,"Grayson, Texas, USA"
True,US,USA,33.6413476,0,,-93.3055491,North America,"Parker Twp, Nevada, Arkansas, USA"
True,US,USA,34.8420376,0,,-88.934228,North America,"Falkner, Tippah, Mississippi, USA"
True,US,USA,34.3678642,0,,-83.2156575,North America,"Franklin, Georgia, USA"
True,US,USA,27.7567667,0,,-81.4639835,North America,"Florida, USA"
True,US,USA,34.8732672,0,,-88.6405963,North America,"Kossuth, Alcorn, Mississippi, USA"
True,US,USA,31.3629619,0,,-85.9870669,North America,"Coffee, Alabama, USA"
True,US,USA,31.4071111,0,,-86.6121861,North America,"Red Level, Covington, Alabama, USA"
True,US,USA,31.196549,0,,-86.4597236,North America,"Covington, Alabama, USA"
True,US,USA,31.7340713,0,,-86.6754793,North America,"Butler, Alabama, USA"
True,US,USA,33.6413476,0,,-93.3055491,North America,"Ebenezer Cemetery, Parker, Nevada, Arkansas, USA"
True,US,USA,32.8385899,0,,-92.3910295,North America,"Union, Louisiana, USA"
True,US,USA,33.6949319,0,,-93.6929825,North America,"Oak Grove Cemetery, DeRoan Twp, Hempstead, Arkansas, USA"
True,US,USA,33.6949319,0,,-93.6929825,North America,"Hempstead, Arkansas, USA"
True,US,USA,33.2588817,0,,-86.8295337,North America,"Alabama, USA"
True,US,USA,35.8563421,0,,-86.4205249,North America,"Rutherford, Tennessee, USA"
True,US,USA,35.7730076,0,,-86.2820081,North America,"Tennessee, USA"
True,US,USA,32.7772597,0,,-97.8045599,North America,"Parker, Texas, USA"
True,US,USA,35.6729639,0,,-79.0392919,North America,"North Carolina, USA"
True,US,USA,34.7307014,0,,-88.9488276,North America,"Ripley, Tippah, Mississippi, USA"
True,IE,Ireland,52.865196,0,,-7.9794599,Europe,Ireland
True,US,USA,34.3698266,0,,-83.235155,North America,"Carnesville, Franklin, Georgia, USA"
True,US,USA,34.6500578,0,,-80.1417843,North America,"Chesterfield, South Carolina, USA"
True,US,USA,31.3454341,0,,-84.9282058,North America,"Early, Georgia, USA"
True,US,USA,33.6874388,0,,-80.4363743,North America,"South Carolina, USA"
True,US,USA,34.3334398,0,,-80.5669895,North America,"Kershaw, South Carolina, USA"
True,US,USA,33.6228953,0,,-93.5304543,North America,"Shover Springs, Hempstead, Arkansas, USA"
True,US,USA,35.444223,0,,-84.624875,North America,"McMinn, Tennessee, USA"
True,US,USA,35.2048883,0,,-92.4479108,North America,"Arkansas, USA"
True,US,USA,34.4834555,0,,-88.9789198,North America,"Union, Mississippi, USA"
True,US,USA,34.7329208,0,,-89.4725635,North America,"Marshall, Mississippi, USA"
True,US,USA,35.7142874,0,,-79.7975166,North America,"Randolph, North Carolina, USA"
True,US,USA,37.5726028,0,,-85.1551411,North America,"Kentucky, USA"
True,US,USA,34.9705848,0,,-80.0958187,North America,"Anson, North Carolina, USA"
True,US,USA,33.4918203,0,,-80.8556476,North America,"Orangeburg, South Carolina, USA"
True,US,USA,31.3629619,0,,-85.9870669,North America,"Longstreet, Coffee, Alabama, USA"
True,US,USA,34.3028537,0,,-79.8710831,North America,"Darlington, Darlington, South Carolina, USA"
True,US,USA,32.0500362,0,,-86.2199457,North America,"Ramer, Montgomery, Alabama, USA"
True,US,USA,32.3777111,0,,-86.3090775,North America,"Montgomery, Alabama, USA"
True,US,USA,31.8324874,0,,-86.3114018,North America,"Mt. Pleasant, Crenshaw, Alabama, USA"
True,US,USA,31.6809362,0,,-86.3244009,North America,"Crenshaw, Alabama, USA"
True,US,USA,35.4866424,0,,-81.2062724,North America,"Lincoln, North Carolina, USA"
True,US,USA,36.5237906,0,,-86.0130908,North America,"Macon, Tennessee, USA"
True,US,USA,34.7465071,0,,-92.2896267,North America,"Little Rock, Pulaski, Arkansas, USA"
True,IE,Ireland,52.4734839,0,,-8.1614446,Europe,"Tipperary, Ireland"
True,GB,England,51.5074456,0,,-0.1277653,Europe,"London, England"
True,US,USA,42.6609691,0,,-78.3886656,North America,"Java, Wyoming, New York, USA"
True,US,USA,41.8662157,0,,-90.1657833,North America,"Fulton, Whiteside, Illinois, USA"
True,US,USA,34.0696501,0,,-118.3963062,North America,"Beverly Hills, Los Angeles, California, USA"
True,US,USA,40.0796606,0,,-89.4337288,North America,"Illinois, USA"
True,US,USA,43.233116,0,,-77.927513,North America,"Clarkson, Monroe, New York, USA"
True,US,USA,40.7127281,0,,-74.0060152,North America,"New York, USA"
True,GB,Scotland,55.833333,0,,-4.5,Europe,"Renfrewshire, Scotland"
True,CA,Canada,45.8838758,0,,-65.9861428,North America,"Queens, New Brunswick, Canada"
True,GB,Scotland,55.9523918,0,,-3.2086898,Europe,"Argyle, Scotland"
True,GB,Scotland,55.8455828,0,,-4.4239646,Europe,"Paisley, Renfrewshire, Scotland"
True,GB,England,51.2715316,0,,-0.3414524,Europe,"Surrey, England"
True,US,USA,41.7612332,0,,-89.9214744,North America,"Clyde Twp, Whiteside, Illinois, USA"
True,US,USA,41.6324811,0,,-89.7850393,North America,"Tampico, Whiteside, Illinois, USA"
True,GB,England,51.2715316,0,,-0.3414524,Europe,"Epson, Surrey, England"
True,GB,England,52.5310214,0,,-1.2649062,Europe,England
True,US,USA,38.5112633,0,,-77.0204083,North America,"Port Tobacco, Charles, Maryland, USA"
True,US,USA,39.415779,0,,-77.4127562,North America,"Frederick, Maryland, USA"
True,US,USA,38.4991611,0,,-77.027847,North America,"Charles, Maryland, USA"
True,US,USA,37.1000973,0,,-84.1148273,North America,"Loudon, Laurel, Kentucky, USA"
True,US,USA,38.2665993,0,,-85.5330114,North America,"Anchorage, Jefferson, Kentucky, USA"
True,US,USA,29.3056996,0,,-94.7933252,North America,"Galveston, Galveston, Texas, USA"
True,US,USA,38.1787175,0,,-85.664528,North America,"Jefferson, Kentucky, USA"
True,US,USA,37.7742152,0,,-87.1133304,North America,"Owensboro, Daviess, Kentucky, USA"
True,US,USA,34.5042652,0,,-87.7332823,North America,"Russellville, Franklin, Alabama, USA"
True,US,USA,37.1232245,0,,-78.4927721,North America,"Petersburg, Independent Cities, Virginia, USA"
True,US,USA,33.4484367,0,,-112.074141,North America,"Phoenix, Maricopa, Arizona, USA"
True,US,USA,33.4942189,0,,-111.926018,North America,"Scottsdale, Maricopa, Arizona, USA"
True,US,USA,42.1939364,0,,-73.362773,North America,"Great Barrington, Berkshire, Massachusetts, USA"
True,US,USA,42.4484778,0,,-73.2541069,North America,"Pittsfield, Berkshire, Massachusetts, USA"
True,US,USA,41.1372575,0,,-72.2795773,North America,"Orient, Suffolk, New York, USA"
True,US,USA,40.7579554,0,,-73.9855319,North America,"Manhattan, New York, New York, USA"
True,US,USA,40.9475652,0,,-90.3712169,North America,"Galesburg, Knox, Illinois, USA"
True,IE,Ireland,52.865196,0,,-7.9794599,Europe,"Galty, Knockweaddown, Ireland"
True,US,USA,40.115276,0,,-94.8239361,North America,"St Joseph, Andrew, Missouri, USA"
True,US,USA,41.4280432,0,,-78.5611275,North America,"St Marys, Elk, Pennsylvania, USA"
True,US,USA,34.0536909,0,,-118.242766,North America,"Los Angeles, Los Angeles, California, USA"
True,US,USA,40.6736812,0,,-73.6190736,North America,"Hempstead, Nassau, New York, USA"
True,US,USA,39.1765386,0,,-74.8012119,North America,"Cape May, New Jersey, USA"
True,US,USA,39.9128529,0,,-80.117838,North America,"Smith Cemetery, Greene, Pennsylvania, USA"
True,US,USA,39.956853,0,,-80.0968188,North America,"Morgan Twp, Greene, Pennsylvania, USA"
True,US,USA,40.889855,0,,-80.6785145,North America,"Springfield, Columbiana, Ohio, USA"
True,US,USA,40.3295547,0,,-74.0615285,North America,"Shrewsbury, Monmouth, New Jersey, USA"
True,US,USA,39.0344983,0,,-85.5127432,North America,"Butlerville, Jennings, Indiana, USA"
True,US,USA,40.054026,0,,-79.8336541,North America,"Jefferson Twp, Fayette, Pennsylvania, USA"
True,US,USA,33.9749136,0,,-118.0338664,North America,"Whittier, Los Angeles, California, USA"
True,US,USA,40.0757384,0,,-74.4041622,North America,"New Jersey, USA"
True,US,USA,39.9325409,0,,-74.7226665,North America,"Burlington, New Jersey, USA"
True,US,USA,41.6720735,0,,-91.3459735,North America,"West Branch, Cedar, Iowa, USA"
True,US,USA,42.3788774,0,,-72.032366,North America,"Massachusetts, USA"
True,US,USA,40.9830133,0,,-80.7826416,North America,"Mahoning, Ohio, USA"
True,US,USA,40.9433676,0,,-80.5754631,North America,"Springfield, Mahoning, Ohio, USA"
True,US,USA,39.2908816,0,,-76.610759,North America,"Baltimore, Maryland, USA"
True,US,USA,39.4374278,0,,-76.3690732,North America,"Gunpowder, Harford, Maryland, USA"
True,US,USA,40.2932319,0,,-74.1671114,North America,"Monmouth, New Jersey, USA"
True,US,USA,40.4454352,0,,-75.3139227,North America,"Richland, Bucks, Pennsylvania, USA"
True,US,USA,40.7787016,0,,-80.7648602,North America,"Columbiana, Ohio, USA"
True,US,USA,40.1259045,0,,-80.8086973,North America,"Colerain, Belmont, Ohio, USA"
True,US,USA,39.2614972,0,,-82.474952,North America,"Elk Twp., Vinton, Ohio, USA"
True,US,USA,33.9316066,0,,-117.9454867,North America,"La Habra, Orange, California, USA"
True,US,USA,33.8901096,0,,-117.8249705,North America,"Yorba Linda, Orange, California, USA"
True,US,USA,39.2480588,0,,-114.891718,North America,"Ely, White Pine, Nevada, USA"
True,US,USA,41.3926455,0,,-73.9599242,North America,"West Point, Orange, New York, USA"
True,US,USA,40.1936892,0,,-85.3865271,North America,"Muncie, Delaware, Indiana, USA"
True,US,USA,40.369102,0,,-80.3668343,North America,"Smith Twp, Washington, Pennsylvania, USA"
True,US,USA,39.3928463,0,,-82.4568223,North America,"Mount Pleasant, Vinton, Ohio, USA"
True,US,USA,39.3360225,0,,-82.4692821,North America,"Swan, Vinton, Ohio, USA"
True,US,USA,39.3847914,0,,-82.3962649,North America,"New Plymouth, Vinton, Ohio, USA"
True,US,USA,39.4644491,0,,-82.5469722,North America,"Hocking, Ohio, USA"
True,US,USA,39.2744355,0,,-82.4740302,North America,"Vinton, Ohio, USA"
True,US,USA,40.1709768,0,,-80.2454528,North America,"Washington, Washington, Pennsylvania, USA"
True,US,USA,39.8308973,0,,-77.231012,North America,"Gettysburg, Adams, Pennsylvania, USA"
True,US,USA,39.2464596,0,,-82.4784898,North America,"McArthur, Vinton, Ohio, USA"
True,US,USA,39.548545,0,,-76.3048991,North America,"Harford, Maryland, USA"
True,US,USA,39.5943953,0,,-81.877978,North America,"Morgan, Ohio, USA"
True,US,USA,38.9957749,0,,-85.6359201,North America,"Bigger Twp., Jennings, Indiana, USA"
True,US,USA,40.0428063,0,,-79.9588284,North America,"West Pike Run, Washington, Pennsylvania, USA"
True,US,USA,40.9589057,0,,-80.9152613,North America,"Goshen, Mahoning, Ohio, USA"
True,US,USA,39.271226,0,,-74.7434965,North America,"Middletown, Cape May, New Jersey, USA"
True,GB,England,53.1374514,0,,-1.5544694,Europe,"Matlock, Derbyshire, England"
True,US,USA,39.8295563,0,,-75.5343681,North America,"Brandywine, New Castle, Delaware, USA"
True,US,USA,38.6920451,0,,-75.4013315,North America,"Delaware, USA"
True,US,USA,40.6129018,0,,-77.4112056,North America,"Fermanagh, Juniata, Pennsylvania, USA"
True,US,USA,39.5162401,0,,-76.9382069,North America,"Maryland, USA"
True,US,USA,39.4374403,0,,-82.4543621,North America,"Washington, Hocking, Ohio, USA"
True,US,USA,40.9381735,0,,-77.7865722,North America,"Centre, Pennsylvania, USA"
True,US,USA,41.3604966,0,,-93.5613292,North America,"Indianola, Warren, Iowa, USA"
True,US,USA,39.6370289,0,,-82.2044367,North America,"Perry, Ohio, USA"
True,US,USA,41.4754634,0,,-90.3603496,North America,"Colona, Henry, Illinois, USA"
True,US,USA,41.3418549,0,,-90.1177442,North America,"Colona Twp., Henry, Illinois, USA"
True,US,USA,40.1943798,0,,-80.2541251,North America,"Washington, Pennsylvania, USA"
True,US,USA,40.8679538,0,,-74.5601181,North America,"Morris, New Jersey, USA"
True,US,USA,40.0379958,0,,-76.3056707,North America,"Lancaster, Pennsylvania, USA"
True,US,USA,40.0403575,0,,-75.9937401,North America,"Salisbury Twp., Lancaster, Pennsylvania, USA"
True,US,USA,40.2253569,0,,-82.6881395,North America,"Ohio, USA"
True,US,USA,40.0057737,0,,-81.0097516,North America,"Belmont, Ohio, USA"
True,US,USA,40.3862315,0,,-75.1188504,North America,"Plumstead, Bucks, Pennsylvania, USA"
True,US,USA,39.9909398,0,,-75.7802235,North America,"Caln, Chester, Pennsylvania, USA"
True,US,USA,40.0656653,0,,-76.9368682,North America,"Warrington Twp., York, Pennsylvania, USA"
True,US,USA,40.0859059,0,,-79.97894,North America,"Clover Hill, Washington, Pennsylvania, USA"
True,US,USA,39.962493,0,,-76.7276989,North America,"York, Pennsylvania, USA"
True,US,USA,40.9699889,0,,-77.7278831,North America,"Pennsylvania, USA"
True,GB,Wales,52.2928116,0,,-3.73893,Europe,Wales
True,US,USA,41.9216734,0,,-93.3122705,North America,"Iowa, USA"
True,US,USA,39.9284459,0,,-75.2737955,North America,"Upper Darby, Delaware, Pennsylvania, USA"
True,US,USA,39.6159851,0,,-75.662956,North America,"Christana, New Castle, Delaware, USA"
True,US,USA,40.9026666,0,,-74.6850935,North America,"Roxbury, Morris, New Jersey, USA"
True,GB,United Kingdom,54.715139,0,,-6.2192038,Europe,"Balleymoney, Antrim, Northern Ireland"
True,US,USA,39.3015109,0,,-78.6212207,North America,"Hampshire, West Virginia, USA"
True,GB,United Kingdom,54.715139,0,,-6.2192038,Europe,"Antrim, Northern Ireland"
True,US,USA,40.1003815,0,,-75.6115893,North America,"Pikeland, Chester, Pennsylvania, USA"
True,US,USA,39.9831616,0,,-75.8238355,North America,"Coatesville, Chester, Pennsylvania, USA"
True,US,USA,39.6620572,0,,-75.5663132,North America,"New Castle, New Castle, Delaware, USA"
True,US,USA,39.9639616,0,,-76.7366061,North America,"Newberry, York, Pennsylvania, USA"
True,US,USA,42.2773177,0,,-71.4165905,North America,"Framingham, Middlesex, Massachusetts, USA"
True,US,USA,40.0362843,0,,-74.857199,North America,"Northampton, Burlington, New Jersey, USA"
True,US,USA,39.851752,0,,-74.8917412,North America,"Evesham, Burlington, New Jersey, USA"
True,US,USA,37.5737487,0,,-85.740353,North America,"Sinking Spring, Hodgenville, Larue, Kentucky, USA"
True,US,USA,39.7990175,0,,-89.6439575,North America,"Springfield, Sangamon, Illinois, USA"
True,US,USA,38.1793809,0,,-79.1525761,North America,"Augusta, Virginia, USA"
True,US,USA,40.6980933,0,,-90.0059483,North America,"Farmington, Fulton, Illinois, USA"
True,US,USA,38.9339799,0,,-84.3715286,North America,"Campbell, Kentucky, USA"
True,US,USA,38.1042183,0,,-87.0330532,North America,"Gentryville, Spencer, Indiana, USA"
True,US,USA,40.4113762,0,,-75.9433305,North America,"Berks, Pennsylvania, USA"
True,US,USA,40.2601096,0,,-74.2737573,North America,"Freehold, Monmouth, New Jersey, USA"
True,US,USA,38.521664,0,,-78.8347536,North America,"Linville, Rockingham, Virginia, USA"
True,US,USA,38.5080288,0,,-78.8949442,North America,"Rockingham, Virginia, USA"
True,US,USA,40.8559314,0,,-73.2006687,North America,"Smithtown, Suffolk, New York, USA"
True,US,USA,38.3712399,0,,-78.7322449,North America,"McGaheysville, Rockingham, Virginia, USA"
True,US,USA,37.8854129,0,,-76.6249557,North America,"Farnham, Richmond, Virginia, USA"
True,US,USA,37.8078463,0,,-85.4741595,North America,"Woodtown, Nelson, Kentucky, USA"
True,US,USA,39.2305289,0,,-76.9166241,North America,"Howard, Maryland, USA"
True,US,USA,42.2417669,0,,-70.8897676,North America,"Hingham, Plymouth, Massachusetts, USA"
True,US,USA,40.2679125,0,,-75.7340051,North America,"Amity, Berks, Pennsylvania, USA"
True,US,USA,38.6908097,0,,-75.3691421,North America,"Sussex, Delaware, USA"
True,GB,England,53.1908873,0,,-2.8908955,Europe,"Chester, Cheshire, England"
True,US,USA,40.7696568,0,,-73.4998608,North America,"Oyster Bay, Nassau, New York, USA"
True,US,USA,37.5385087,0,,-77.43428,North America,"Richmond, Virginia, USA"
True,US,USA,37.7625738,0,,-76.4723233,North America,"Lancaster, Virginia, USA"
True,US,USA,38.9786401,0,,-76.492786,North America,"Annapolis, Anne Arundel, Maryland, USA"
True,US,USA,38.9722583,0,,-76.573454,North America,"Anne Arundel, Maryland, USA"
True,US,USA,42.1924492,0,,-70.7261966,North America,"Scituate, Plymouth, Massachusetts, USA"
True,US,USA,40.7455316,0,,-73.9484995,North America,"Gravesend, Long Island City, Queens, New York, USA"
True,GB,England,51.1276618,0,,-2.2188942,Europe,"Kingston Deverill, Wiltshire, England"
True,US,USA,37.1232245,0,,-78.4927721,North America,"Virginia, USA"
True,US,USA,40.5464326,0,,-74.4660542,North America,"Piscataway, Middlesex, New Jersey, USA"
True,GB,England,52.5796849,0,,0.9845613,Europe,"Hingham, Norfolk, England"
True,US,USA,42.2684008,0,,-70.956672,North America,"Hull, Norfolk, Massachusetts, USA"
True,GB,England,50.8579978,0,,-2.0168718,Europe,"Witchampton, Dorset, England"
True,GB,England,51.4852222,0,,-0.9480326,Europe,"Caversham, Oxfordshire, England"
True,US,USA,42.2212188,0,,-70.9391625,North America,"Weymouth, Norfolk, Massachusetts, USA"
True,US,USA,38.0464066,0,,-84.4970393,North America,"Lexington, Fayette, Kentucky, USA"
True,US,USA,38.8809358,0,,-77.1079246,North America,"Arlington, Arlington, Virginia, USA"
True,US,USA,43.176909,0,,-73.0568716,North America,"Manchester, Bennington, Vermont, USA"
True,US,USA,40.7127281,0,,-74.0060152,North America,"New York, New York, New York, USA"
True,US,USA,38.1420779,0,,-76.9013489,North America,"Pope's Creek, Westmoreland, Virginia, USA"
True,US,USA,38.710179,0,,-77.0888199,North America,"Mount Vernon, Fairfax, Virginia, USA"
True,US,USA,37.4974701,0,,-76.9990453,North America,"New Kent, Virginia, USA"
True,US,USA,38.1720754,0,,-76.9491371,North America,"Wakefield, Westmoreland, Virginia, USA"
True,US,USA,38.2786312,0,,-77.175356,North America,"Ferry Farm, King George, Virginia, USA"
True,US,USA,38.2201846,0,,-77.6014545,North America,"Fredericksburg, Spotsylvania, Virginia, USA"
True,US,USA,38.1153203,0,,-76.7567355,North America,"Westmoreland, Virginia, USA"
True,US,USA,37.3396678,0,,-76.4746982,North America,"Warner Hall, Gloucester, Gloucester, Virginia, USA"
True,GB,England,54.5474199,0,,-3.5885335,Europe,"Whitehaven, Cumberland, England"
True,US,USA,37.7913044,0,,-76.5258553,North America,"Epping Forest, Lancaster, Virginia, USA"
True,GB,England,53.2141028,0,,-2.4717701,Europe,"Cheshire, England"
True,GB,England,51.6724344,0,,0.695894,Europe,"Purleigh, Essex, England"
True,US,USA,38.1918855,0,,-76.9208322,North America,"Washington, Westmoreland, Virginia, USA"
True,US,USA,37.2230374,0,,-76.5156945,North America,"York, Virginia, USA"
True,US,USA,37.3396678,0,,-76.4746982,North America,"Warner Hall, Virginia, USA"
True,US,USA,37.3406965,0,,-76.4471701,North America,"Naxera, Gloucester, Virginia, USA"
True,US,USA,37.4148403,0,,-76.529435,North America,"Gloucester, Gloucester, Virginia, USA"
True,GB,England,53.8611712,0,,-2.5650945,Europe,"Millenbeck, Lancashire, England"
True,GB,England,52.1061958,0,,-1.1915121,Europe,"Sulgrave, Northamptonshire, England"
True,GB,England,51.731198,0,,0.6791849,Europe,"Maldon, Essex, England"
True,GB,England,52.3228736,0,,-0.9477577,Europe,"Spratton, Northamptonshire, England"
True,GB,England,51.7940357,0,,-0.6609205,Europe,"Tring, Hertfordshire, England"
True,GB,England,51.7643786,0,,-2.1880662,Europe,"Gloucestershire, England"
True,GB,England,52.666667,0,,1.0,Europe,"Norfolk, England"
True,GB,England,53.8633908,0,,-2.2075841,Europe,"Stone Edge, Lancashire, England"
True,GB,England,51.3198054,0,,-1.4762773,Europe,"Linkenholt, Hampshire, England"
True,US,USA,37.2356655,0,,-76.5136495,North America,"Yorktown, York, Virginia, USA"
True,GB,England,52.2683065,0,,-1.036296,Europe,"Brington, Northamptonshire, England"
True,GB,England,51.0055129,0,,-0.1393153,Europe,"Tyes Hall, Cuckfield, Sussex, England"
True,GB,England,52.3378983,0,,-0.9506195,Europe,"Little Creaton, Northamptonshire, England"
True,GB,England,53.8567728,0,,-2.1691238,Europe,"Colne, Lancashire, England"
True,GB,England,53.7907262,0,,-2.2439196,Europe,"Burnley, Lancashire, England"
True,FR,France,45.7447048,0,,-0.6552529,Europe,"Saint-Martin-de-Ré, Departement de la Charente-Maritime, Poitou-Charentes, France"
True,GB,England,52.3106138,0,,-0.865913,Europe,"Nether Boddingto, Northamptonshire, England"
True,GB,England,52.3213064,0,,-1.5536906,Europe,"Radway Grange, Warwickshire, England"
True,GB,England,52.1467426,0,,-1.0877657,Europe,"Blakesley, Northamptonshire, England"
True,GB,England,52.3414301,0,,-0.9628308,Europe,"Great Creaton, Northamptonshire, England"
True,GB,England,53.6688447,0,,-2.6790876,Europe,"Barnside, Lancashire, England"
True,GB,England,51.3171692,0,,-1.4425384,Europe,"Faccombe, Hampshire, England"
True,GB,England,51.5088275,0,,-0.1266769,Europe,"St Martin, Westminster, London, England"
True,GB,England,53.1780161,0,,-0.1023101,Europe,"Scrivelsby, Lincolnshire, England"
True,US,USA,37.1232245,0,,-78.4927721,North America,"Williamsburg, Independent Cities, Virginia, USA"
True,US,USA,37.511702,0,,-76.9864946,North America,"New Kent, New Kent, Virginia, USA"
True,US,USA,37.5237559,0,,-76.8260735,North America,"Eltham, New Kent, Virginia, USA"
True,GB,England,52.4035844,0,,-0.7080124,Europe,"Althorpe, Northamptonshire, England"
True,GB,England,51.5460558,0,,-0.2537791,Europe,"Picadilliy, Middlesex, England"
True,GB,England,50.7577146,0,,-3.0248222,Europe,"Ashe, Musbury, Devon, England"
True,GB,England,51.846743,0,,-1.3765989,Europe,"Blenheim, Oxfordshire, England"
True,US,USA,42.2501425,0,,-71.065573,North America,"Milton, Norfolk, Massachusetts, USA"
True,US,USA,30.6183939,0,,-96.3455991,North America,"College Station, Brazos, Texas, USA"
True,US,USA,29.7589382,0,,-95.3676974,North America,"Houston, Harris, Texas, USA"
True,US,USA,40.9821371,0,,-73.6840902,North America,"Rye, Westchester, New York, USA"
True,US,USA,41.6770463,0,,-71.2661597,North America,"Bristol, Rhode Island, USA"
True,US,USA,41.6770463,0,,-71.2661597,North America,"Bristol, Bristol, Rhode Island, USA"
True,US,USA,42.853434,0,,-76.6787565,North America,"Springport, Cayuga, New York, USA"
True,US,USA,41.5901093,0,,-72.1590588,North America,"Lebanon, New London, Connecticut, USA"
True,US,USA,43.1301133,0,,-77.4759588,North America,"Penfield, Monroe, New York, USA"
True,US,USA,43.157285,0,,-77.615214,North America,"Rochester, Monroe, New York, USA"
True,US,USA,43.007994,0,,-73.4392637,North America,"Cambridge, Washington, New York, USA"
True,US,USA,39.1014537,0,,-84.5124602,North America,"Cincinnati, Hamilton, Ohio, USA"
True,US,USA,42.4374175,0,,-76.5483724,North America,"Ithaca, Tompkins, New York, USA"
True,US,USA,32.0790074,0,,-81.0921335,North America,"Savannah, Chatham, Georgia, USA"
True,US,USA,42.3354481,0,,-71.1682665,North America,"Boston, Middlesex, Massachusetts, USA"
True,US,USA,40.7654209,0,,-74.2189954,North America,"Brick Church, East Orange, Essex, New Jersey, USA"
True,US,USA,39.9622601,0,,-83.0007065,North America,"Columbus, Franklin, Ohio, USA"
True,US,USA,39.5589474,0,,-84.3041074,North America,"Franklin, Ohio, USA"
True,US,USA,41.3142611,0,,-71.849017,North America,"Watch Hill, Rhode Island, USA"
True,US,USA,40.7127281,0,,-74.0060152,North America,"New York, New York, USA"
True,US,USA,43.3424285,0,,-70.4597517,North America,"Walker's Pt, York, Maine, USA"
True,GB,United Kingdom,54.3793174,0,,-5.9694446,Europe,"Roth, Down, Northern Ireland"
True,GB,United Kingdom,54.2381785,0,,-6.1603136,Europe,"Rathfriland, Down, Northern Ireland"
True,US,USA,39.494421,0,,-91.9896892,North America,"Monroe, Missouri, USA"
True,US,USA,39.3683251,0,,-91.1825617,North America,"Pike, Missouri, USA"
True,US,USA,38.6280278,0,,-90.1910154,North America,"St Louis, Missouri, USA"
True,US,USA,39.7082498,0,,-91.3587413,North America,"Hannibal, Marion, Missouri, USA"
True,US,USA,38.4733823,0,,-77.9961275,North America,"Culpeper, Virginia, USA"
True,US,USA,40.8723802,0,,-72.431364,North America,"Indian Territory, USA"
True,US,USA,39.9527237,0,,-75.1635262,North America,"Philadelphia, Pennsylvania, USA"
True,US,USA,41.2111039,0,,-73.4316566,North America,"Norwalk, Fairfield, Connecticut, USA"
True,US,USA,41.2814842,0,,-73.4981792,North America,"Ridgefield, Fairfield, Connecticut, USA"
True,US,USA,41.3392119,0,,-73.5122771,North America,"Ridgebury, Fairfield, Connecticut, USA"
True,US,USA,41.6500201,0,,-72.7342163,North America,"Connecticut, USA"
True,CA,Canada,43.3670861,0,,-80.3184977,North America,"Grand River, Ontario, Canada"
True,US,USA,41.7016936,0,,-70.3036163,North America,"Barnstable, Massachusetts, USA"
True,US,USA,41.6862224,0,,-70.0758508,North America,"Harwich, Barnstable, Massachusetts, USA"
True,US,USA,41.5846415,0,,-73.5434695,North America,"Oblong, New York, USA"
True,US,USA,42.5604851,0,,-77.9955006,North America,"Portage, Livingston, New York, USA"
True,US,USA,41.1412078,0,,-73.2637258,North America,"Stratford, Fairfield, Connecticut, USA"
True,US,USA,39.5729428,0,,-75.9381806,North America,"Cecil, Maryland, USA"
True,US,USA,39.4153912,0,,-75.9174417,North America,"Earleville, Cecil, Maryland, USA"
True,US,USA,43.384092,0,,-70.545273,North America,"Kennebunk, York, Maine, USA"
True,US,USA,43.4925843,0,,-70.4533844,North America,"Biddeford, York, Maine, USA"
True,US,USA,41.383501,0,,-84.5158853,North America,"Tiffin, Defiance, Ohio, USA"
True,US,USA,39.4254064,0,,-75.9176859,North America,"St. Stephen's, Cecil, Maryland, USA"
True,US,USA,39.1670396,0,,-86.5342881,North America,"Bloomington, Monroe, Indiana, USA"
True,US,USA,41.8403786,0,,-71.2494938,North America,"Rehoboth, Bristol, Massachusetts, USA"
True,US,USA,41.7481575,0,,-71.1897684,North America,"Swansea, Bristol, Massachusetts, USA"
True,US,USA,41.7065539,0,,-73.9283672,North America,"Poughkeepsie, Dutchess, New York, USA"
True,US,USA,41.3894198,0,,-70.5129682,North America,"Edgartown, Dukes, Massachusetts, USA"
True,US,USA,41.7583875,0,,-73.802016,North America,"Pleasant Valley, Dutchess, New York, USA"
True,US,USA,41.5101085,0,,-71.1711648,North America,"Little Compton, Newport, Rhode Island, USA"
True,US,USA,43.643032,0,,-72.251587,North America,"Lebanon, Grafton, New Hampshire, USA"
True,US,USA,43.0833231,0,,-73.8712155,North America,"Saratoga, New York, USA"
True,US,USA,41.8278036,0,,-73.965047,North America,"Esopus, Ulster, New York, USA"
True,US,USA,43.2102196,0,,-75.4583956,North America,"Rome, Oneida, New York, USA"
True,US,USA,42.0245442,0,,-71.1286594,North America,"Easton, Bristol, Massachusetts, USA"
True,US,USA,41.7700987,0,,-72.3050803,North America,"Coventry, Tolland, Connecticut, USA"
True,US,USA,42.8361841,0,,-74.8534838,North America,"Springfield, Otsego, New York, USA"
True,US,USA,42.0667652,0,,-71.3281114,North America,"Wrentham, Norfolk, Massachusetts, USA"
True,US,USA,41.9667656,0,,-71.4328363,North America,"Cumberland, Providence, Rhode Island, USA"
True,US,USA,41.4576223,0,,-70.6156969,North America,"Tisbury, Dukes, Massachusetts, USA"
True,US,USA,43.4853063,0,,-73.1182549,North America,"Middletown Springs, Rutland, Vermont, USA"
True,US,USA,42.8788667,0,,-73.1968205,North America,"Bennington, Vermont, USA"
True,US,USA,44.7278943,0,,-73.6686982,North America,"Clinton, New York, USA"
True,DE,Germany,48.9326355,0,,8.8668632,Europe,"Lomersheim, Enzkreis, Baden-Württemberg, Germany"
True,US,USA,42.65717,0,,-71.1408776,North America,"Andover, Essex, Massachusetts, USA"
True,US,USA,42.3588336,0,,-71.0578303,North America,"Boston, Suffolk, Massachusetts, USA"
True,US,USA,42.9464737,0,,-71.5159015,North America,"Bedford, Hillsborough, New Hampshire, USA"
True,US,USA,42.9956397,0,,-71.4547891,North America,"Manchester, Hillsborough, New Hampshire, USA"
True,US,USA,42.7656251,0,,-71.4677032,North America,"Nashua, Hillsborough, New Hampshire, USA"
True,US,USA,42.466763,0,,-70.9494939,North America,"Lynn, Essex, Massachusetts, USA"
True,US,USA,42.7652102,0,,-71.0760878,North America,"Bradford, Essex, Massachusetts, USA"
True,US,USA,42.3656347,0,,-71.1040018,North America,"Cambridge, Middlesex, Massachusetts, USA"
True,US,USA,42.3834278,0,,-71.4161725,North America,"Sudbury, Middlesex, Massachusetts, USA"
True,US,USA,42.4605189,0,,-71.3488963,North America,"Concord, Middlesex, Massachusetts, USA"
True,US,USA,42.4802635,0,,-71.0993581,North America,"Stoneham, Middlesex, Massachusetts, USA"
True,US,USA,42.2694308,0,,-71.6129907,North America,"Westborough, Worcester, Massachusetts, USA"
True,US,USA,40.6526006,0,,-73.9497211,North America,"Brooklyn, Kings, New York, USA"
True,US,USA,42.679273,0,,-70.8411583,North America,"Ipswich, Essex, Massachusetts, USA"
True,US,USA,41.5187226,0,,-72.0519409,North America,"Stonington, New London, Connecticut, USA"
True,US,USA,40.2452976,0,,-75.6496424,North America,"Pottstown, Montgomery, Pennsylvania, USA"
True,US,USA,42.3652576,0,,-71.1843234,North America,"Watertown, Middlesex, Massachusetts, USA"
True,US,USA,41.5296768,0,,-71.9848643,North America,"Preston City, New London, Connecticut, USA"
True,US,USA,42.7948111,0,,-76.5614129,North America,"Scipio, Cayuga, New York, USA"
True,US,USA,40.2365695,0,,-75.6595827,North America,"Pottstown, Chester, Pennsylvania, USA"
True,US,USA,42.3423259,0,,-72.5891221,North America,"Hadley, Hampshire, Massachusetts, USA"
True,US,USA,41.7142665,0,,-72.6525922,North America,"Wethersfield, Hartford, Connecticut, USA"
True,US,USA,42.3289067,0,,-71.0850853,North America,"Roxbury, Suffolk, Massachusetts, USA"
True,US,USA,41.7501575,0,,-72.4282654,North America,"Hebron, Tolland, Connecticut, USA"
True,US,USA,43.0856724,0,,-70.743658,North America,"Kittery, York, Maine, USA"
True,US,USA,41.3581545,0,,-72.5637023,North America,"Killingworth, Middlesex, Connecticut, USA"
True,US,USA,41.7373212,0,,-72.37036,North America,"Andover, Tolland, Connecticut, USA"
True,US,USA,42.2973205,0,,-71.0744952,North America,"Dorchester, Suffolk, Massachusetts, USA"
True,US,USA,38.0085107,0,,-78.6086754,North America,"Albemarle, Virginia, USA"
True,US,USA,36.995906,0,,-85.9124842,North America,"Glasgow, Barren, Kentucky, USA"
True,US,USA,38.6997409,0,,-93.0021426,North America,"Otterville, Cooper, Missouri, USA"
True,US,USA,35.6719722,0,,-83.9314465,North America,"Blount, Tennessee, USA"
True,US,USA,35.7564719,0,,-83.9704593,North America,"Maryville, Blount, Tennessee, USA"
True,US,USA,37.4153244,0,,-93.8410449,North America,"Greenfield, Dade, Missouri, USA"
True,US,USA,37.4323036,0,,-93.8406302,North America,"Dade, Missouri, USA"
True,US,USA,38.8452595,0,,-92.8249579,North America,"Cooper, Missouri, USA"
True,US,USA,39.7045417,0,,-77.3269307,North America,"Emmitsburg, Frederick, Maryland, USA"
True,DE,Germany,51.1638175,0,,10.4478313,Europe,Germany
True,US,USA,39.3662232,0,,-75.8838284,North America,"Fredericktown, Cecil, Maryland, USA"
True,US,USA,40.4797828,0,,-88.9939147,North America,"Bloomington, McLean, Illinois, USA"
True,US,USA,41.8239891,0,,-71.4128343,North America,"Providence, Rhode Island, USA"
True,GB,England,50.8309593,0,,-4.2412484,Europe,"Bradford, Devon, England"
True,US,USA,42.3778749,0,,-71.0619957,North America,"Charlestown, Suffolk, Massachusetts, USA"
True,GB,Scotland,54.9036896,0,,-5.02225,Europe,"Wigtownshire, Scotland"
True,GB,Scotland,54.9044714,0,,-4.0213174,Europe,"Kirkcudbright, Kirkcudbrightshire, Scotland"
True,GB,England,53.5871667,0,,-0.1834359,Europe,"Stallingborough, Lincolnshire, England"
True,GB,England,51.5174023,0,,-0.0462189,Europe,"Stepney, London, England"
True,GB,England,52.0307897,0,,-0.3304262,Europe,"Odell, Bedfordshire, England"
True,GB,Scotland,56.0701208,0,,-3.9087351,Europe,"Kilsyth, Stirlingshire, Scotland"
True,NL,Netherlands,51.9244424,0,,4.47775,Europe,"Rotterdam, Zuid-Holland, Netherlands"
True,GB,England,53.7396851,0,,-2.3808275,Europe,"St Helens, Lancashire, England"
True,US,USA,41.2976052,0,,-72.9265437,North America,"New Haven, New Haven, Connecticut, USA"
True,US,USA,42.4342336,0,,-71.6097744,North America,"Bolton, Worcester, Massachusetts, USA"
True,US,USA,43.5355839,0,,-72.7217781,North America,"Plymouth, Windsor, Vermont, USA"
True,US,USA,42.3468589,0,,-71.5525188,North America,"Marlborough, Middlesex, Massachusetts, USA"
True,US,USA,43.2629706,0,,-72.5945649,North America,"Chester, Windsor, Vermont, USA"
True,US,USA,43.3961459,0,,-72.7011648,North America,"Ludlow, Windsor, Vermont, USA"
True,GB,England,52.0640034,0,,-0.4111138,Europe,"Bergery, Bedfordshire, England"
True,GB,England,52.3640118,0,,-0.6459677,Europe,"Wold, Northamptonshire, England"
True,GB,England,52.2261761,0,,-1.1814946,Europe,"Badby, Northamptonshire, England"
True,GB,England,52.1790224,0,,-1.3451912,Europe,"Wormleighton, Stratford on Avon, Warwickshire, England"
True,GB,England,52.2638832,0,,-1.1404808,Europe,"Daventry District, Northamptonshire, England"
True,GB,England,53.5855457,0,,-0.732955,Europe,"Althorpe, Lincolnshire, England"
True,GB,England,52.2049814,0,,-1.1818514,Europe,"Fawsley, Northamptonshire, England"
True,GB,England,52.2108771,0,,-1.1430057,Europe,"Everdon, Northamptonshire, England"
True,GB,England,52.3106138,0,,-0.865913,Europe,"Northamptonshire, England"
True,US,USA,44.671094,0,,-70.151825,North America,"Farmington, Franklin, Maine, USA"
True,GB,England,51.9892706,0,,0.8966564,Europe,"Stoke By Nayland, Suffolk, England"
True,GB,England,52.371044,0,,-0.2235779,Europe,"Fen Stanton, Huntingdonshire, England"
True,US,USA,41.9583799,0,,-70.6673851,North America,"Plymouth, Plymouth, Massachusetts, USA"
True,US,USA,41.764582,0,,-72.6908547,North America,"Hartford, Connecticut, USA"
True,US,USA,42.2489143,0,,-71.1755732,North America,"Dedham, Norfolk, Massachusetts, USA"
True,US,USA,41.9902206,0,,-70.9754432,North America,"Bridgewater, Plymouth, Massachusetts, USA"
True,NL,Netherlands,52.2434979,0,,5.6343227,Europe,Netherlands
True,US,USA,37.3183245,0,,-77.1793543,North America,"Berkeley, Charles City, Virginia, USA"
True,US,USA,39.1525576,0,,-84.7480038,North America,"North Bend, Hamilton, Ohio, USA"
True,US,USA,38.8976387,0,,-77.0365528,North America,"White House, Washington, District of Columbia, USA"
True,US,USA,39.8187989,0,,-86.1709159,North America,"Crown Hill Cemetery, Indianapolis, Marion, Indiana, USA"
True,US,USA,39.7683331,0,,-86.1583502,North America,"Indianapolis, Marion, Indiana, USA"
True,US,USA,41.1003736,0,,-74.9635055,North America,"Flatbrookville, Sussex, New Jersey, USA"
True,US,USA,38.6772691,0,,-87.5286325,North America,"Vincennes, Knox, Indiana, USA"
True,US,USA,39.1050586,0,,-84.7243917,North America,"Francisville, Boone, Kentucky, USA"
True,US,USA,38.9589235,0,,-84.7160121,North America,"Boone, Kentucky, USA"
True,US,USA,37.5758797,0,,-77.5412837,North America,"Richmond, Richmond, Virginia, USA"
True,US,USA,40.4279992,0,,-74.2560893,North America,"Morristown, Middlesex, New Jersey, USA"
True,US,USA,39.8282214,0,,-77.9037226,North America,"Mercersburg, Franklin, Pennsylvania, USA"
True,US,USA,39.5103048,0,,-84.7420519,North America,"Oxford, Butler, Ohio, USA"
True,US,USA,41.098817,0,,-73.7214019,North America,"Greenwich, Fairfield, Connecticut, USA"
True,US,USA,41.5771005,0,,-75.2580212,North America,"Honesdale, Wayne, Pennsylvania, USA"
True,US,USA,40.8775225,0,,-73.5723052,North America,"Locust Valley, Nassau, New York, USA"
True,US,USA,40.1624531,0,,-85.7260804,North America,"Madison, Indiana, USA"
True,US,USA,46.5927425,0,,-112.036277,North America,"Helena, Lewis and Clark, Montana, USA"
True,US,USA,44.9772995,0,,-93.2654692,North America,"Minneapolis, Hennepin, Minnesota, USA"
True,US,USA,35.7803977,0,,-78.6390989,North America,"Raleigh, Wake, North Carolina, USA"
True,US,USA,36.1631575,0,,-82.8309861,North America,"Greeneville, Greene, Tennessee, USA"
True,US,USA,36.1698443,0,,-82.8766356,North America,"Greene, Tennessee, USA"
True,US,USA,36.2489943,0,,-82.5451479,North America,"Telford, Washington, Tennessee, USA"
True,US,USA,36.1622767,0,,-86.7742984,North America,"Nashville, Davidson, Tennessee, USA"
True,US,USA,36.4742705,0,,-82.2609685,North America,"Bluff City, Sullivan, Tennessee, USA"
True,US,USA,36.3487756,0,,-82.2107617,North America,"Elizabethton, Carter, Tennessee, USA"
True,US,USA,36.0239908,0,,-82.9023711,North America,"Cedar Creek, Greene, Tennessee, USA"
True,US,USA,36.1939922,0,,-82.738763,North America,"Afton, Greene, Tennessee, USA"
True,US,USA,35.8482034,0,,-82.6931063,North America,"Madison, North Carolina, USA"
True,US,USA,35.469331,0,,-76.8927522,North America,"Beaufort, North Carolina, USA"
True,US,USA,29.1438582,0,,-95.6452249,North America,"West Columbia, Brazoria, Texas, USA"
True,US,USA,29.0444147,0,,-95.5691126,North America,"Brazoria, Brazoria, Texas, USA"
True,US,USA,40.7135078,0,,-73.8283132,North America,"Queens, New York, USA"
True,US,USA,42.3336727,0,,-71.1624971,North America,"Chestnut Hill, Boston, Middlesex, Massachusetts, USA"
True,US,USA,42.332918,0,,-71.1187829,North America,"Brookline, Norfolk, Massachusetts, USA"
True,US,USA,33.5723191,0,,-81.6182086,North America,"Aiken, South Carolina, USA"
True,US,USA,41.5243537,0,,-72.0759008,North America,"Norwich, New London, Connecticut, USA"
True,FR,France,50.4442902,0,,3.0325699,Europe,"Nord, Nord-Pas-de-Calais, France"
True,US,USA,64.4459613,0,,-149.680909,North America,"Alaska, USA"
True,US,USA,26.6359009,0,,-80.0961538,North America,"Palm Springs, Palm Beach, Florida, USA"
True,FR,France,50.2475915,0,,3.1555757,Europe,"Cambrai, Nord, Nord-Pas-de-Calais, France"
True,US,USA,40.7070431,0,,-73.9906444,North America,"Manhattan, Kings, New York, USA"
True,US,USA,42.8507588,0,,-72.5572913,North America,"Brattleboro, Windham, Vermont, USA"
True,US,USA,40.8601065,0,,-73.4529025,North America,"Cold Spring Harbor, Suffolk, New York, USA"
True,US,USA,41.764582,0,,-72.6908547,North America,"Hartford, Hartford, Connecticut, USA"
True,US,USA,41.7198216,0,,-72.8320435,North America,"Farmington, Hartford, Connecticut, USA"
True,US,USA,42.058528,0,,-73.908913,North America,"Tivoli, Dutchess, New York, USA"
True,US,USA,42.9277366,0,,-75.0427129,North America,"Columbia, Herkimer, New York, USA"
True,US,USA,33.7556593,0,,-96.536658,North America,"Denison, Grayson, Texas, USA"
True,US,USA,38.917252,0,,-97.21377,North America,"Abilene, Dickinson, Kansas, USA"
True,US,USA,42.0171798,0,,-93.9254114,North America,"Boone, Iowa, USA"
True,US,USA,29.4246002,0,,-98.4951405,North America,"San Antonio, Bexar, Texas, USA"
True,US,USA,39.1027043,0,,-76.7412498,North America,"Fort Meade, Anne Arundel, Maryland, USA"
True,US,USA,39.7392364,0,,-104.984862,North America,"Denver, Colorado, USA"
True,US,USA,38.6584506,0,,-76.0579956,North America,"Trappe, Talbot, Maryland, USA"
True,US,USA,37.8976552,0,,-85.9038521,North America,"Fort Knox, Hardin, Kentucky, USA"
True,US,USA,32.7762719,0,,-96.7968559,North America,"Dallas, Dallas, Texas, USA"
True,US,USA,40.8842482,0,,-72.3897131,North America,"Southampton, Suffolk, New York, USA"
True,US,USA,43.7219859,0,,-70.2327055,North America,"Falmouth, Cumberland, Maine, USA"
True,US,USA,41.5514979,0,,-70.6147519,North America,"Otis AF Base, Falmouth, Barnstable, Massachusetts, USA"
True,US,USA,40.9610563,0,,-73.8064739,North America,"Eastchester Town, Westchester, New York, USA"
True,US,USA,41.6334445,0,,-70.2983549,North America,"Hyannis Port, Barnstable, Massachusetts, USA"
True,US,USA,40.9381544,0,,-73.8320784,North America,"Bronxville, Westchester, New York, USA"
True,US,USA,42.3020436,0,,-70.9078243,North America,"Hull, Plymouth, Massachusetts, USA"
True,GB,England,52.2410014,0,,1.0465716,Europe,"Suffolk, England"
True,GB,England,53.2275873,0,,-1.6113902,Europe,"Chatsworth house, Derbyshire, England"
True,FR,France,44.815194,0,,4.3986525,Europe,"Ardèche, Rhône-Alpes, France"
True,US,USA,41.6499298,0,,-70.3485753,North America,"Centerville, Barnstable, Massachusetts, USA"
True,US,USA,38.8846187,0,,-77.0630855,North America,"Arlington Cemetery, Arlington, Virginia, USA"
True,US,USA,40.8146879,0,,-72.9965503,North America,"Boston, Suffolk, New York, USA"
True,US,USA,39.5751717,0,,-76.9959168,North America,"Westminster, Carroll, Maryland, USA"
True,US,USA,38.9812726,0,,-77.1233587,North America,"Bethesda, Montgomery, Maryland, USA"
True,US,USA,40.90056,0,,-73.90639,North America,"Riverdale, New York, USA"
True,US,USA,26.7056172,0,,-80.0361517,North America,"Palm Beach, Palm Beach, Florida, USA"
True,US,USA,41.2587459,0,,-95.9383758,North America,"Omaha, Douglas, Nebraska, USA"
True,US,USA,42.9632425,0,,-85.6678639,North America,"Grand Rapids, Kent, Michigan, USA"
True,US,USA,33.7583005,0,,-116.4347271,North America,"Rancho Mirage, Riverside, California, USA"
True,US,USA,34.1469416,0,,-118.2478471,North America,"Glendale, Los Angeles, California, USA"
True,US,USA,32.2228765,0,,-110.974847,North America,"Tucson, Pima, Arizona, USA"
True,US,USA,42.422241,0,,-88.6137101,North America,"Harvard, McHenry, Illinois, USA"
True,US,USA,32.0340872,0,,-84.3926633,North America,"Plains, Sumter, Georgia, USA"
True,US,USA,37.340981,0,,-77.0816368,North America,"Greenway, Charles City, Virginia, USA"
True,US,USA,37.4857339,0,,-77.1165521,North America,"Cedar Grove, New Kent, Virginia, USA"
True,US,USA,36.6240321,0,,-78.5569437,North America,"Cedar Grove Plantation, Clarksville, Mecklenburg, Virginia, USA"
True,US,USA,37.3705777,0,,-77.0605098,North America,"Charles City, Virginia, USA"
True,US,USA,37.5233762,0,,-77.1440108,North America,"Roxbury, New Kent, Virginia, USA"
True,US,USA,32.3777111,0,,-86.3090775,North America,"Montgomery, Montgomery, Alabama, USA"
True,US,USA,37.342801,0,,-77.0664642,North America,"Charles City, Charles City, Virginia, USA"
True,US,USA,37.4424264,0,,-77.0439583,North America,"Providence Forge, New Kent, Virginia, USA"
True,US,USA,37.1232245,0,,-78.4927721,North America,"Williamsburg, Williamsburg, Independent Cities, Virginia, USA"
True,US,USA,39.5162401,0,,-76.9382069,North America,"Baltimore, Independent Cities, Maryland, USA"
True,US,USA,38.2542376,0,,-85.759407,North America,"Louisville, Jefferson, Kentucky, USA"
True,US,USA,37.1236041,0,,-81.5684129,North America,"Tazewell, Virginia, USA"
True,US,USA,37.6766821,0,,-122.459603,North America,"Colma, San Mateo, California, USA"
True,US,USA,37.776547,0,,-122.3948371,North America,"San Francisco, San Francisco, California, USA"
True,US,USA,41.0841161,0,,-72.0942469,North America,"Gardiners Island, Suffolk, New York, USA"
True,US,USA,37.1232245,0,,-78.4927721,North America,"Richmond, Independent Cities, Virginia, USA"
True,US,USA,40.9633868,0,,-72.1847598,North America,"East Hampton, Suffolk, New York, USA"
True,US,USA,37.3340695,0,,-77.0202228,North America,"Sherwood Forest, Charles City, Virginia, USA"
True,US,USA,34.5802074,0,,-105.996047,North America,"New Mexico, USA"
True,US,USA,37.3340695,0,,-77.0202228,North America,"Sherwood Forest, Virginia, USA"
True,US,USA,37.2152145,0,,-80.2300592,North America,"Elliston, Montgomery, Virginia, USA"
True,US,USA,37.3211485,0,,-76.7972515,North America,"James City County, Virginia, USA"
True,US,USA,41.5179097,0,,-76.019111,North America,"Wyoming, Pennsylvania, USA"
True,US,USA,38.1410056,0,,-78.450458,North America,"Charlottesville, Albemarle, Virginia, USA"
True,US,USA,40.8398218,0,,-74.2765366,North America,"Caldwell, Essex, New Jersey, USA"
True,US,USA,40.3496953,0,,-74.6597376,North America,"Princeton, Mercer, New Jersey, USA"
True,US,USA,42.8864163,0,,-78.8781493,North America,"Buffalo, Erie, New York, USA"
True,US,USA,43.860277,0,,-71.263504,North America,"Tamworth, Carroll, New Hampshire, USA"
True,US,USA,43.4849133,0,,-71.6553992,North America,"New Hampshire, USA"
True,US,USA,41.7452589,0,,-70.6154965,North America,"Buzzards Bay, Barnstable, Massachusetts, USA"
True,GB,England,54.6179021,0,,-1.0687914,Europe,"Redcar, Yorkshire, England"
True,US,USA,42.981477,0,,-70.9478343,North America,"Exeter, Rockingham, New Hampshire, USA"
True,US,USA,37.4950527,0,,-94.2768736,North America,"Lamar, Barton, Missouri, USA"
True,US,USA,39.0924792,0,,-94.4137923,North America,"Independence, Jackson, Missouri, USA"
True,US,USA,39.100105,0,,-94.5781416,North America,"Kansas City, Jackson, Missouri, USA"
True,US,USA,35.8212013,0,,-78.3126798,North America,"Zebulon, Wake, North Carolina, USA"
True,US,USA,39.0355211,0,,-94.3583509,North America,"Jackson, Missouri, USA"
True,US,USA,38.8898478,0,,-94.5313816,North America,"Grandview, Jackson, Missouri, USA"
True,US,USA,37.493659,0,,-94.2977265,North America,"Lamar Heights, Barton, Missouri, USA"
True,US,USA,41.7841956,0,,-73.9373912,North America,"Hyde Park, Dutchess, New York, USA"
True,US,USA,32.8904081,0,,-84.6810381,North America,"Warm Springs, Meriwether, Georgia, USA"
True,US,USA,40.8466508,0,,-73.8785937,North America,"Bronx, Bronx, New York, USA"
True,US,USA,33.5995916,0,,-117.873739,North America,"Corona Del Mar, Orange, California, USA"
True,US,USA,33.6170092,0,,-117.9294401,North America,"Newport Beach, Orange, California, USA"
True,CA,Canada,44.8938472,0,,-66.9193702,North America,"Campobello, Charlotte, New Brunswick, Canada"
True,GB,England,53.2594617,0,,-2.4894478,Europe,"Birkenhead, Cheshire, England"
True,US,USA,40.4406968,0,,-80.0025666,North America,"Pittsburgh, Allegheny, Pennsylvania, USA"
True,US,USA,30.868526,0,,-92.7929262,North America,"Elizabeth, Allen, Louisiana, USA"
True,ES,Spain,39.613432,0,,2.8829185,Europe,"Majorca, Balearic Islands, Spain"
True,US,USA,39.7459468,0,,-75.546589,North America,"Wilmington, New Castle, Delaware, USA"
True,US,USA,42.3861485,0,,-82.9118591,North America,"Grosse Pointe, Wayne, Michigan, USA"
True,MX,Mexico,19.4326296,0,,-99.1331785,North America,"Mexico City, Distrito Federal, Mexico"
True,US,USA,42.498275,0,,-92.3328743,North America,"Waterloo, Black Hawk, Iowa, USA"
True,US,USA,40.756502,0,,-73.9733616,North America,"Waldorf Astoria, New York, New York, New York, USA"
True,GB,England,51.5156177,0,,-0.0919983,Europe,"London, London, England"
True,US,USA,34.1928193,0,,-118.1374663,North America,"Altadena, Los Angeles, California, USA"
True,US,USA,34.1476507,0,,-118.144155,North America,"Pasadena, Los Angeles, California, USA"
True,US,USA,37.3736298,0,,-122.219047,North America,"Portola Valley, San Mateo, California, USA"
True,US,USA,38.1242486,0,,-79.0633967,North America,"Staunton, Augusta, Virginia, USA"
True,US,USA,38.8950368,0,,-77.0365427,North America,"Washington Cath, Washington, District of Columbia, USA"
True,US,USA,34.257038,0,,-85.1646726,North America,"Rome, Floyd, Georgia, USA"
True,US,USA,34.2978794,0,,-83.8240663,North America,"Gainesville, Hall, Georgia, USA"
True,IN,India,10.9156489,0,,79.8069488,Asia,"Pondicherry, India"
True,US,USA,41.5171937,0,,-72.6382761,North America,"Middletown, Middlesex, Connecticut, USA"
True,US,USA,34.4366626,0,,-119.6320753,North America,"Montecito, Santa Barbara, California, USA"
True,US,USA,40.9995097,0,,-79.3408743,North America,"South Bethlehem, Armstrong, Pennsylvania, USA"
True,US,USA,33.9528472,0,,-84.5496148,North America,"Marietta, Cobb, Georgia, USA"
True,US,USA,42.3178989,0,,-72.6311006,North America,"Northampton, Hampshire, Massachusetts, USA"
True,US,USA,44.4761601,0,,-73.212906,North America,"Burlington, Chittenden, Vermont, USA"
True,US,USA,41.764582,0,,-72.6908547,North America,"Plainville, Hartford, Connecticut, USA"
True,US,USA,35.2356385,0,,-80.8139485,North America,"Mecklenburg, North Carolina, USA"
True,US,USA,35.8460396,0,,-86.3921096,North America,"Murfreesboro, Rutherford, Tennessee, USA"
True,US,USA,37.8525306,0,,-79.1316813,North America,"Montebello, Nelson, Virginia, USA"
True,US,USA,38.5288529,0,,-76.537764,North America,"Calvert, Maryland, USA"
True,US,USA,30.3646795,0,,-88.5585995,North America,"Pascagoula, Jackson, Mississippi, USA"
True,US,USA,43.1687104,0,,-78.696567,North America,"Lockport, Niagara, New York, USA"
True,DE,Germany,47.9960901,0,,7.8494005,Europe,"Freiburg, Baden-Württemberg, Germany"
True,US,USA,30.7807244,0,,-91.3763353,North America,"St Francisville, West Feliciana, Louisiana, USA"
True,US,USA,30.7918743,0,,-91.4334204,North America,"Bayou Sara, West Feliciana, Louisiana, USA"
True,US,USA,37.1232245,0,,-78.4927721,North America,"Winchester, Independent Cities, Virginia, USA"
True,US,USA,39.1433678,0,,-78.1436909,North America,"Winchester, Frederick, Virginia, USA"
True,US,USA,29.9559145,0,,-90.0730259,North America,"New Orleans, Orleans, Louisiana, USA"
True,US,USA,41.7962409,0,,-71.5992372,North America,"Rhode Island, USA"
True,US,USA,36.8424972,0,,-87.3008989,North America,"Fairview, Todd, Kentucky, USA"
True,US,USA,30.0096684,0,,-90.7989525,North America,"St James Parish, Louisiana, USA"
True,US,USA,38.2490349,0,,-78.013983,North America,"Orange, Virginia, USA"
True,US,USA,33.0015407,0,,-82.4112377,North America,"Louisville, Jefferson, Georgia, USA"
True,US,USA,40.6575594,0,,-82.3115503,North America,"Perrysville, Ashland, Ohio, USA"
True,US,USA,40.6933377,0,,-82.280256,North America,"Green Township, Ashland, Ohio, USA"
True,US,USA,39.8282214,0,,-77.9037226,North America,"Stony Batter, Mercersburg, Franklin, Pennsylvania, USA"
True,IE,Ireland,53.2030043,0,,-8.9196593,Europe,"Tyrone, Galway, Ireland"
True,US,USA,39.8612026,0,,-77.8594413,North America,"Lemasters, Franklin, Pennsylvania, USA"
True,US,USA,40.0379958,0,,-76.3056707,North America,"Lancaster, Lancaster, Pennsylvania, USA"
True,US,USA,40.3024514,0,,-79.5443274,North America,"Greensburg, Westmoreland, Pennsylvania, USA"
True,US,USA,39.9259345,0,,-77.7485516,North America,"Franklin, Pennsylvania, USA"
True,US,USA,43.1306345,0,,-71.975915,North America,"Hillsboro, Hillsborough, New Hampshire, USA"
True,US,USA,43.207178,0,,-71.537476,North America,"Concord, Merrimack, New Hampshire, USA"
True,US,USA,42.9417199,0,,-70.8378746,North America,"Hampton, Rockingham, New Hampshire, USA"
True,US,USA,42.9373379,0,,-71.751376,North America,"Hillsborough, New Hampshire, USA"
True,US,USA,44.8016403,0,,-72.945525,North America,"Fairfield, Franklin, Vermont, USA"
True,US,USA,42.6511674,0,,-73.754968,North America,"Albany, New York, USA"
True,US,USA,38.4721707,0,,-77.9934369,North America,"Culpeper, Culpeper, Virginia, USA"
True,US,USA,42.6920233,0,,-73.7245639,North America,"Menands, Albany, New York, USA"
True,US,USA,40.8929329,0,,-73.9726508,North America,"Englewood, Bergen, New Jersey, USA"
True,US,USA,38.8339578,0,,-104.825348,North America,"Colorado Springs, El Paso, Colorado, USA"
True,US,USA,41.2042616,0,,-73.7270761,North America,"Mount Kisco, Westchester, New York, USA"
True,US,USA,39.9597213,0,,-75.6059638,North America,"West Chester, Chester, Pennsylvania, USA"
True,US,USA,38.8945107,0,,-84.2338243,North America,"Point Pleasant, Clermont, Ohio, USA"
True,US,USA,40.8068797,0,,-73.9686596,North America,"Grants Tomb, Riverside Park, New York, New York, New York, USA"
True,US,USA,43.1982984,0,,-73.7497,North America,"Mount McGregor, Moreau, Saratoga, New York, USA"
True,US,USA,38.6280278,0,,-90.1910154,North America,"White Haven, St Louis, Missouri, USA"
True,US,USA,38.9636771,0,,-84.0807664,North America,"Bethel, Clermont, Ohio, USA"
True,US,USA,32.7174202,0,,-117.162772,North America,"San Diego, San Diego, California, USA"
True,US,USA,34.726046,0,,-118.681498,North America,"Sandberg, Los Angeles, California, USA"
True,US,USA,43.3734986,0,,-88.2370888,North America,"Washington, Wisconsin, USA"
True,US,USA,40.7418051,0,,-74.5633049,North America,"Hardscrabble, Somerset, New Jersey, USA"
True,US,USA,37.3790629,0,,-122.116578,North America,"Los Altos, Santa Clara, California, USA"
True,US,USA,41.8975152,0,,-84.0373054,North America,"Adrian, Lenawee, Michigan, USA"
True,US,USA,32.7174202,0,,-117.162772,North America,"San Diego, California, USA"
True,IT,Italy,40.5488429,0,,14.2283708,Europe,"Capri, Napoli, Campania, Italy"
True,US,USA,39.4167785,0,,-75.7782679,North America,"Warwick, Cecil, Maryland, USA"
True,US,USA,40.9470142,0,,-82.282169,North America,"Orange, Ashland, Ohio, USA"
True,US,USA,41.5116874,0,,-81.5888347,North America,"Lakeview Cemetery, Cleveland, Cuyahoga, Ohio, USA"
True,US,USA,40.2692785,0,,-73.9918038,North America,"Elberon, Monmouth, New Jersey, USA"
True,US,USA,41.4996574,0,,-81.6936772,North America,"Cleveland, Cuyahoga, Ohio, USA"
True,US,USA,41.284222,0,,-81.096486,North America,"Garrettsville, Portage, Ohio, USA"
True,US,USA,41.312555,0,,-81.14371,North America,"Hiram, Portage, Ohio, USA"
True,US,USA,42.7135472,0,,-73.2094566,North America,"Williamstown, Berkshire, Massachusetts, USA"
True,US,USA,41.6664781,0,,-81.3399769,North America,"Mentor, Lake, Ohio, USA"
True,US,USA,41.5514979,0,,-70.6147519,North America,"Falmouth, Barnstable, Massachusetts, USA"
True,US,USA,39.7837304,0,,-100.445882,North America,USA
True,US,USA,41.340429,0,,-83.1305712,North America,"Spiegel Grove, Fremont, Sandusky, Ohio, USA"
True,US,USA,40.2445757,0,,-85.3962329,North America,"Delaware, Delaware, Indiana, USA"
True,US,USA,41.3473413,0,,-83.1134972,North America,"Fremont, Sandusky, Ohio, USA"
True,US,USA,39.3331197,0,,-82.9824019,North America,"Chillicothe, Ross, Ohio, USA"
True,US,USA,41.6529143,0,,-83.5378173,North America,"Toledo, Lucas, Ohio, USA"
True,US,USA,40.5885271,0,,-83.1895249,North America,"Marion, Ohio, USA"
True,US,USA,27.9449854,0,,-82.4583107,North America,"Tampa, Hillsborough, Florida, USA"
True,US,USA,38.3505995,0,,-81.6332812,North America,"Charleston, Kanawha, West Virginia, USA"
True,US,USA,44.0990717,0,,-70.2177099,North America,"Lewiston, Androscoggin, Maine, USA"
True,US,USA,41.2088215,0,,-73.8905175,North America,"Croton-on-Hudson, Westchester, New York, USA"
True,US,USA,41.3506462,0,,-82.640448,North America,"Erie, Ohio, USA"
True,US,USA,27.9658533,0,,-82.8001026,North America,"Clearwater, Pinellas, Florida, USA"
True,US,USA,41.1808345,0,,-80.7653797,North America,"Niles, Trumbull, Ohio, USA"
True,US,USA,40.7985464,0,,-81.3749508,North America,"Canton, Stark, Ohio, USA"
True,US,USA,41.2181436,0,,-80.0642333,North America,"Wolf Creek, Mercer, Pennsylvania, USA"
True,US,USA,40.7720044,0,,-80.7681336,North America,"Lisbon, Columbiana, Ohio, USA"
True,US,USA,40.0238245,0,,-75.3173407,North America,"Bryn Mawr, Montgomery, Pennsylvania, USA"
True,US,USA,41.3721849,0,,-72.858108,North America,"Waterbury, New Haven, Connecticut, USA"
True,US,USA,42.1538607,0,,-71.1828015,North America,"East Baintree, Norfolk, Massachusetts, USA"
True,KN,Saint Kitts and Nevis,17.250512,0,,-62.6725973,North America,St Kitts and Nevis
True,US,USA,44.0500054,0,,-91.6392294,North America,"Winona, Minnesota, USA"
True,US,USA,40.9476027,0,,-82.5329796,North America,"Blooming Grove, Richland, Ohio, USA"
True,US,USA,40.5886259,0,,-83.1287349,North America,"Marion, Marion, Ohio, USA"
True,US,USA,40.4088223,0,,-82.3268249,North America,"Howard, Knox, Ohio, USA"
True,US,USA,45.3384997,0,,-121.9634026,North America,"Welches, Clackamas, Oregon, USA"
True,US,USA,40.2203907,0,,-74.0120817,North America,"Asbury Park, Monmouth, New Jersey, USA"
True,US,USA,42.2509914,0,,-71.0037374,North America,"Quincy, Norfolk, Massachusetts, USA"
True,US,USA,38.8886738,0,,-77.004636,North America,"Speaker's Room, Congress, Washington, District of Columbia, USA"
True,US,USA,40.7455316,0,,-73.9484995,North America,"Long Island City, Queens, New York, USA"
True,US,USA,42.7814571,0,,-75.6476841,North America,"Lebanon, Madison, New York, USA"
True,GB,England,51.2070749,0,,0.7210362,Europe,"Kent, England"
True,DE,Germany,52.503379,0,,13.3386522,Europe,"Berlin, Berlin, Germany"
True,RU,Russian Federation,59.9606739,0,,30.1586551,Europe,"Saint Petersburg, Russia"
True,US,USA,42.4184296,0,,-71.1061639,North America,"Medford, Middlesex, Massachusetts, USA"
True,US,USA,38.0129175,0,,-78.3955647,North America,"Shadwell, Albemarle, Virginia, USA"
True,US,USA,38.0002518,0,,-78.4888829,North America,"Monticello, Charlottesville, Albemarle, Virginia, USA"
True,US,USA,37.1232245,0,,-78.4927721,North America,"Charlottesville, Independent Cities, Virginia, USA"
True,US,USA,37.5922778,0,,-77.4193382,North America,"Richmond, Henrico, Virginia, USA"
True,US,USA,37.3459831,0,,-77.7194396,North America,"Eppington, Winterpock, Chesterfield, Virginia, USA"
True,US,USA,37.6151025,0,,-77.6491356,North America,"Tuckahoe, Goochland, Virginia, USA"
True,US,USA,37.3058161,0,,-77.2974695,North America,"City Point, Virginia, USA"
True,US,USA,37.5558826,0,,-78.5547172,North America,"Millbrook, Buckingham, Virginia, USA"
True,US,USA,37.3859982,0,,-77.578509,North America,"Chesterfield, Virginia, USA"
True,US,USA,37.7204342,0,,-77.8837984,North America,"Goochland, Virginia, USA"
True,US,USA,37.696066,0,,-77.8979038,North America,"Goochland, Goochland, Virginia, USA"
True,US,USA,38.066894,0,,-78.4543399,North America,"Dunlora, Virginia, USA"
True,US,USA,37.5131191,0,,-77.3465081,North America,"Henrico, Virginia, USA"
True,US,USA,37.5901463,0,,-77.5563761,North America,"Tuckahoe, Henrico, Virginia, USA"
True,US,USA,38.1773528,0,,-77.1860884,North America,"Port Conway, King George, Virginia, USA"
True,US,USA,38.2283821,0,,-78.1767752,North America,"Montpelier Station, Orange, Virginia, USA"
True,US,USA,36.0875688,0,,-79.7888515,North America,"Guilford, North Carolina, USA"
True,US,USA,39.0984586,0,,-77.6705008,North America,"Loudoun, Virginia, USA"
True,FR,France,48.8534951,0,,2.3483915,Europe,"Paris, Île-de-France, France"
True,US,USA,38.975841,0,,-77.6460477,North America,"Aldie, Loudoun, Virginia, USA"
True,US,USA,37.2328361,0,,-76.6440645,North America,"Williamsburg, James City County, Virginia, USA"
True,US,USA,34.006398,0,,-80.9491634,North America,"Waxhaws, South Carolina, USA"
True,US,USA,36.8121678,0,,-79.4364106,North America,"Pittsylvania, Virginia, USA"
True,US,USA,36.2138124,0,,-86.6129944,North America,"The Hermitage, Nashville, Davidson, Tennessee, USA"
True,US,USA,42.3953617,0,,-73.6978983,North America,"Kinderhook, Columbia, New York, USA"
True,US,USA,42.3698216,0,,-73.7040339,North America,"Lindenwald, Kinderhook, Columbia, New York, USA"
True,US,USA,42.6511674,0,,-73.754968,North America,"Albany, Albany, New York, USA"
True,US,USA,42.2415027,0,,-73.6723456,North America,"Columbia, New York, USA"
True,US,USA,40.7381635,0,,-74.0550731,North America,"Hudson, New Jersey, USA"
True,FR,France,48.8588897,0,,2.320041,Europe,"Paris, Paris, Île-de-France, France"
True,US,USA,41.5048402,0,,-73.9695409,North America,"Beacon, Dutchess, New York, USA"
True,US,USA,33.9204354,0,,-80.3414693,North America,"Sumter, South Carolina, USA"
True,GB,England,50.8102455,0,,-1.1497009,Europe,"Bournemouth, Hampshire, England"
True,US,USA,30.2359344,0,,-98.6646189,North America,"Stonewall, Gillespie, Texas, USA"
True,US,USA,32.6679232,0,,-94.1704653,North America,"Karnack, Harrison, Texas, USA"
True,US,USA,30.2711286,0,,-97.7436995,North America,"Austin, Travis, Texas, USA"
True,US,USA,42.6605817,0,,-76.4305376,North America,"Locke, Cayuga, New York, USA"
True,US,USA,42.9384101,0,,-73.6531731,North America,"Stillwater, Saratoga, New York, USA"
True,US,USA,40.7970382,0,,-74.4809868,North America,"Morristown, Morris, New Jersey, USA"
True,US,USA,42.8788667,0,,-73.1968205,North America,"Bennington, Bennington, Vermont, USA"
True,US,USA,42.7689141,0,,-78.6177611,North America,"East Aurora, Erie, New York, USA"
True,US,USA,42.7539591,0,,-76.7024485,North America,"Aurora, Cayuga County, New York, USA"
True,US,USA,36.7117473,0,,-82.5893052,North America,"Scott, Virginia, USA"
True,US,USA,37.744783,0,,-77.4464165,North America,"Hanover, Virginia, USA"
True,US,USA,35.7979355,0,,-78.6118311,North America,"Wake, North Carolina, USA"
True,GB,England,54.8948478,0,,-2.9362311,Europe,"Carlisle, Cumberland, England"
True,GB,United Kingdom,54.6353341,0,,-7.2611485,Europe,"Tyrone, Northern Ireland"
True,US,USA,35.6054921,0,,-85.1892276,North America,"Pikeville, Bledsoe, Tennessee, USA"
True,US,USA,36.0605095,0,,-79.1172679,North America,"Orange, North Carolina, USA"
True,US,USA,38.5612578,0,,-86.1179768,North America,"Washington, Indiana, USA"
True,US,USA,38.7574137,0,,-120.5276129,North America,"El Dorado, California, USA"
True,US,USA,39.7874275,0,,-75.6879987,North America,"Hockessin, New Castle, Delaware, USA"
True,US,USA,39.8686308,0,,-75.771824,North America,"London Grove, Chester, Pennsylvania, USA"
True,US,USA,36.4966673,0,,-82.286903,North America,"Sullivan, Tennessee, USA"
True,US,USA,36.2840805,0,,-82.1194772,North America,"Carter, Tennessee, USA"
True,GB,England,52.055803,0,,-2.6813638,Europe,"Holywell, Herefordshire, England"
True,GB,England,51.5004439,0,,-0.1265398,Europe,"Westminster, London, England"
True,US,USA,34.9498007,0,,-81.9320157,North America,"Spartanburg, Spartanburg, South Carolina, USA"
True,US,USA,21.304547,0,,-157.855676,North America,"Honolulu, Honolulu, Hawaii, USA"
True,US,USA,31.9973662,0,,-102.077948,North America,"Midland, Midland, Texas, USA"
True,US,USA,37.3423646,0,,-76.5213397,North America,"White Marsh, Gloucester, Virginia, USA"
True,US,USA,36.3883031,0,,-86.4475898,North America,"Gallatin, Sumner, Tennessee, USA"
True,US,USA,41.4262048,0,,-71.4748061,North America,"Narragansett Pier, Washington, Rhode Island, USA"
True,US,USA,32.4610708,0,,-84.9880449,North America,"Columbus, Muscogee, Georgia, USA"
True,US,USA,42.3694695,0,,-88.7447988,North America,"Boone, Boone, Illinois, USA"
True,US,USA,39.6766157,0,,-104.9623745,North America,"Denver, Denver, Colorado, USA"
True,US,USA,32.5165255,0,,-86.6319403,North America,"Autauga, Alabama, USA"
True,US,USA,32.5404281,0,,-94.2382471,North America,"Scottsville, Harrison, Texas, USA"
True,US,USA,32.5233959,0,,-94.3982158,North America,"Harrison, Texas, USA"
True,US,USA,32.5447756,0,,-94.3661004,North America,"Marshall, Harrison, Texas, USA"
True,DE,Germany,50.2164354,0,,8.6915513,Europe,"Frankfurt am Main, Frankfurt am Main, Hessen, Germany"
True,US,USA,33.8653563,0,,-118.0806221,North America,"Artesia, Los Angeles, California, USA"
True,US,USA,41.6063216,0,,-90.3357762,North America,"Port Byron, Rock Island, Illinois, USA"
True,US,USA,40.7455316,0,,-73.9484995,North America,"Long Island City, Queens County, New York, USA"
True,US,USA,40.8615819,0,,-81.9034617,North America,"Wayne, Ohio, USA"
True,US,USA,40.7980976,0,,-81.9397733,North America,"Wooster, Wayne, Ohio, USA"
True,US,USA,40.3995094,0,,-82.2776566,North America,"Millwood, Knox, Ohio, USA"
True,US,USA,33.8708215,0,,-117.929416,North America,"Fullerton, Orange, California, USA"
True,US,USA,33.750631,0,,-117.8722311,North America,"Orange, California, USA"
True,US,USA,39.1870147,0,,-82.5973848,North America,"Richland, Vinton, Ohio, USA"
True,US,USA,36.7014631,0,,-118.755997,North America,"California, USA"
True,US,USA,39.9195322,0,,-75.4427497,North America,"Lima, Delaware, Pennsylvania, USA"
True,US,USA,39.849557,0,,-75.3557458,North America,"Chester, Delaware, Pennsylvania, USA"
True,GB,England,52.2843001,0,,0.385672,Europe,"Landwade, Suffolk, England"
True,GB,England,51.9872386,0,,-0.1190634,Europe,"Wallington, Hertfordshire, England"
True,GB,England,51.256957,0,,-1.6233744,Europe,"Ludgershall, Wiltshire, England"
True,US,USA,42.3278477,0,,-77.6611025,North America,"Hornell, Steuben, New York, USA"
True,US,USA,39.45089,0,,-84.5143903,North America,"Overpeck, Butler, Ohio, USA"
True,US,USA,33.6149211,0,,-85.8339391,North America,"Oxford, Calhoun, Alabama, USA"
True,US,USA,40.6953896,0,,-80.3047887,North America,"Beaver, Beaver, Pennsylvania, USA"
True,FR,France,46.603354,0,,1.8883335,Europe,France
True,US,USA,37.1232245,0,,-78.4927721,North America,"Fredericksburg, Independent Cities, Virginia, USA"
True,US,USA,35.2252064,0,,-75.5279144,North America,"Hatteras, Dare, North Carolina, USA"
True,US,USA,43.6488351,0,,-72.3193634,North America,"Hartford, Windsor, Vermont, USA"
True,US,USA,41.1496775,0,,-81.2082,North America,"Portage, Ohio, USA"
True,US,USA,39.6725327,0,,-83.0373284,North America,"Pickaway, Ohio, USA"
True,US,USA,34.4221319,0,,-119.702667,North America,"Santa Barbara, Santa Barbara, California, USA"
True,US,USA,41.3292613,0,,-73.5981827,North America,"Salem Center, Westchester, New York, USA"
True,US,USA,33.6275782,0,,-116.1250453,North America,"Thermal, Riverside, California, USA"
True,US,USA,37.8708393,0,,-122.272863,North America,"Berkeley, Alameda, California, USA"
True,JP,Japan,35.6812546,0,,139.766706,Asia,"Tokyo, Tokyo, Japan"
True,US,USA,34.0194704,0,,-118.491227,North America,"Santa Monica, Los Angeles, California, USA"
True,GB,England,53.7593363,0,,-2.6992717,Europe,"Preston, Lancashire, England"
True,US,USA,38.7604815,0,,-92.5617875,North America,"St Louis, Independent Cities, Missouri, USA"
True,US,USA,39.6526498,0,,-78.762383,North America,"Cumberland, Allegany, Maryland, USA"
True,US,USA,38.0389664,0,,-84.4657709,North America,"Liberty Heights, Fayette, Kentucky, USA"
True,US,USA,42.8642874,0,,-71.6252484,North America,"Amherst, Hillsborough, New Hampshire, USA"
True,US,USA,43.9166529,0,,-69.9659438,North America,"Brunswick, Cumberland, Maine, USA"
True,US,USA,45.709097,0,,-68.8590201,North America,"Maine, USA"
True,US,USA,41.067221,0,,-72.4408007,North America,"Southold, Suffolk, New York, USA"
True,US,USA,41.1358864,0,,-74.895777,North America,"Walpack, Sussex, New Jersey, USA"
True,US,USA,41.1588924,0,,-74.880231,North America,"Wallpack Center, Sussex, New Jersey, USA"
True,US,USA,41.8197385,0,,-87.756525,North America,"Cook, Illinois, USA"
True,US,USA,42.291707,0,,-85.5872286,North America,"Kalamazoo, Kalamazoo, Michigan, USA"
True,US,USA,26.0112014,0,,-80.1494901,North America,"Hollywood, Broward, Florida, USA"
True,US,USA,41.6819935,0,,-85.9766671,North America,"Elkhart, Elkhart, Indiana, USA"
True,US,USA,37.6922361,0,,-97.3375448,North America,"Wichita, Kansas, USA"
True,KE,Kenya,-0.0113313,0,,34.3458874,Africa,"Rachuonyo, Nyang'oma, Nyanza, Kenya"
True,KE,Kenya,-1.2574349,0,,36.8956166,Africa,"Nairobi, Nairobi Area, Kenya"
True,US,USA,37.6053575,0,,-77.0929718,North America,"Putneys Mill, New Kent, Virginia, USA"
True,US,USA,37.3526337,0,,-75.9457726,North America,"Eastville, Northampton, Virginia, USA"
True,US,USA,39.2806451,0,,-80.3445341,North America,"Clarksburg, Harrison, West Virginia, USA"
True,US,USA,39.9527237,0,,-75.1635262,North America,"Philadelphia, Philadelphia, Pennsylvania, USA"
True,US,USA,37.7422207,0,,-75.6743538,North America,"Accomack, Virginia, USA"
True,US,USA,36.1961664,0,,-86.6224959,North America,"Hermitage, Davidson, Tennessee, USA"
True,US,USA,42.8142432,0,,-73.9395687,North America,"Schenectady, Schenectady, New York, USA"
True,US,USA,38.7379949,0,,-77.0043136,North America,"Fort Washington, Prince George's, Maryland, USA"
True,US,USA,35.5842372,0,,-88.119479,North America,"Decaturville, Decatur, Tennessee, USA"
True,US,USA,35.6067875,0,,-88.1083982,North America,"Decatur, Tennessee, USA"
True,US,USA,40.7790141,0,,-90.0153424,North America,"Yates City, Knox, Illinois, USA"
True,US,USA,40.9127103,0,,-90.6472477,North America,"Monmouth, Warren, Illinois, USA"
True,US,USA,41.5114521,0,,-78.2352872,North America,"Emporium, Cameron, Pennsylvania, USA"
True,US,USA,41.4767287,0,,-78.4875196,North America,"Swissmont, Elk, Pennsylvania, USA"
True,AT,Austria,47.0792405,0,,15.3549817,Europe,"Thal, Steiermark, Austria"
True,US,USA,33.4254259,0,,-94.0430937,North America,"Texarkana, Miller, Arkansas, USA"
True,US,USA,33.6413476,0,,-93.3055491,North America,"Nevada, Arkansas, USA"
True,US,USA,32.7251788,0,,-84.9104641,North America,"Harris, Georgia, USA"
True,US,USA,35.0808574,0,,-77.0439978,North America,"Craven, North Carolina, USA"
True,GB,England,51.2715316,0,,-0.3414524,Europe,"Kennington, Surrey, England"
True,US,USA,40.074796,0,,-79.8036548,North America,"Redstone, Fayette, Pennsylvania, USA"
True,US,USA,41.5562923,0,,-75.6864948,North America,"Abington, Lackawanna, Pennsylvania, USA"
True,US,USA,38.9957749,0,,-85.6359201,North America,"Jennings, Indiana, USA"
True,US,USA,39.2929083,0,,-76.5663087,North America,"Baltimore Highlands, Baltimore, Maryland, USA"
True,US,USA,40.6129018,0,,-77.4112056,North America,"Fermanagh Township, Juniata, Pennsylvania, USA"
True,US,USA,40.8488473,0,,-76.6943741,North America,"Northumberland, Pennsylvania, USA"
True,US,USA,39.433719,0,,-76.3577373,North America,"Joppa, Harford, Maryland, USA"
True,US,USA,39.9817979,0,,-75.9052465,North America,"Sadsbury, Chester, Pennsylvania, USA"
True,IE,Ireland,53.3333288,0,,-6.8371788,Europe,"Timahoe, Kildare, Ireland"
True,US,USA,37.7310874,0,,-85.1750475,North America,"Washington, Kentucky, USA"
True,US,USA,40.9923692,0,,-79.8322352,North America,"Concord, Butler, Pennsylvania, USA"
True,US,USA,40.868154,0,,-73.425676,North America,"Huntington, Suffolk, New York, USA"
True,GB,England,51.324162,0,,-1.9032487,Europe,"Wiltshire, England"
True,GB,England,53.9238188,0,,-0.9881338,Europe,"Elvington, Yorkshire, England"
True,GB,England,52.1546172,0,,-1.2742734,Europe,"Aston le Walls, Northamptonshire, England"
True,GB,England,52.2333842,0,,-1.1430051,Europe,"Newnham, Northamptonshire, England"
True,US,USA,39.4418988,0,,-92.5009215,North America,"Randolph, Missouri, USA"
True,US,USA,38.447983,0,,-85.1191168,North America,"Henry, Kentucky, USA"
True,US,USA,42.7007727,0,,-73.7048623,North America,"Troy, Albany, New York, USA"
True,US,USA,41.9287812,0,,-74.0023825,North America,"Kingston, Ulster, New York, USA"
True,US,USA,42.7925778,0,,-73.6812293,North America,"Waterford, Saratoga, New York, USA"
True,US,USA,41.7326541,0,,-71.9041463,North America,"Plainfield, Windham, Connecticut, USA"
True,US,USA,35.9603948,0,,-83.9210261,North America,"Knoxville, Knox, Tennessee, USA"
True,GB,England,51.8527674,0,,-2.2553694,Europe,"St. Andrew's Church, Clifton, Bristol, Gloucestershire, England"
True,US,USA,43.0718511,0,,-75.3317783,North America,"St Thomas Church, New York, New York, New York, USA"
True,US,USA,36.1273197,0,,-83.094326,North America,"Warrensburg, Greene, Tennessee, USA"
True,US,USA,35.8923253,0,,-82.8290318,North America,"Hot Springs, Madison, North Carolina, USA"
True,US,USA,34.02332,0,,-84.360022,North America,"Roswell, Fulton, Georgia, USA"
True,ES,Spain,40.4237276,0,,-3.6899043,Europe,"Madrid, Madrid, Madrid, Spain"
True,US,USA,36.8935018,0,,-76.3314764,North America,"Fort Monroe, Elizabeth, Virginia, USA"
True,US,USA,41.4899827,0,,-71.3137707,North America,"Newport, Rhode Island, USA"
True,US,USA,43.0024013,0,,-85.5502718,North America,"Kent, Michigan, USA"
True,US,USA,40.7337665,0,,-73.9957618,North America,"Ch of Ascension, New York, New York, New York, USA"
True,US,USA,40.1229002,0,,-74.8644706,North America,"Bristol, Bucks, Pennsylvania, USA"
True,GB,England,51.4981579,0,,-0.1319441,Europe,"Westminster, Abbey, London, England"
True,US,USA,39.3187409,0,,-94.4046405,North America,"Independence, Clay, Missouri, USA"
True,US,USA,34.035591,0,,-118.689423,North America,"Malibu, Los Angeles, California, USA"
True,US,USA,34.0536909,0,,-118.242766,North America,"Los Angeles, California, USA"
True,US,USA,40.8126922,0,,-91.1020205,North America,"Burlington, Des Moines, Iowa, USA"
True,US,USA,38.7251776,0,,-105.607716,North America,"Colorado, USA"
True,US,USA,25.7929198,0,,-80.1353006,North America,"Miami Beach, Miami-Dade, Florida, USA"
True,CA,Canada,49.3479861,0,,-124.4439409,North America,"Qualicum Beach, British Columbia, Canada"
True,US,USA,41.7194303,0,,-73.7516205,North America,"Dutchess, New York, USA"
True,US,USA,42.4264859,0,,-70.9189371,North America,"Nahant, Essex, Massachusetts, USA"
True,US,USA,36.2231079,0,,-121.387742,North America,"Monterey, California, USA"
True,US,USA,37.4265407,0,,-122.1703055,North America,"Stanford, Santa Clara, California, USA"
True,US,USA,43.05194,0,,-91.1409933,North America,"Prairie du Chien, Crawford, Wisconsin, USA"
True,US,USA,40.7389229,0,,-73.9867394,North America,"Calvary Church, New York, New York, New York, USA"
True,US,USA,41.4739419,0,,-81.5370671,North America,"Shaker Heights, Cuyahoga, Ohio, USA"
True,US,USA,39.3023235,0,,-77.9161076,North America,"Harewood, Jefferson, West Virginia, USA"
True,US,USA,40.7260202,0,,-73.9801228,North America,"Trinity E Church, New York, New York, New York, USA"
True,US,USA,36.189724,0,,-86.7857862,North America,"Davidson, Tennessee, USA"
True,US,USA,42.2173102,0,,-73.8645734,North America,"Catskill, Greene, New York, USA"
True,US,USA,38.1880936,0,,-77.6741751,North America,"Spotsylvania, Virginia, USA"
True,US,USA,36.2636501,0,,-82.4911791,North America,"Washington, Tennessee, USA"
True,US,USA,32.6308318,0,,-90.0040817,North America,"Madison, Mississippi, USA"
True,US,USA,31.83688,0,,-102.0103767,North America,"Midland, Texas, USA"
True,US,USA,40.776322,0,,-82.5302254,North America,"Richland, Ohio, USA"
True,US,USA,45.9896587,0,,-94.6113288,North America,"Minnesota, USA"
True,US,USA,42.2234823,0,,-78.6477096,North America,"Cattaraugus, New York, USA"
True,US,USA,40.369102,0,,-80.3668343,North America,"Smith Twp., Washington, Pennsylvania, USA"
True,US,USA,40.369102,0,,-80.3668343,North America,"Smith, Washington, Pennsylvania, USA"
True,US,USA,39.9829308,0,,-75.7652424,North America,"Chester, Pennsylvania, USA"
True,US,USA,39.9829308,0,,-75.7652424,North America,"Alglen, Chester, Pennsylvania, USA"
True,US,USA,40.0403575,0,,-75.9937401,North America,"Salisbury, Lancaster, Pennsylvania, USA"
True,US,USA,40.0124277,0,,-75.6709997,North America,"East Caln, Chester, Pennsylvania, USA"
True,US,USA,40.0656653,0,,-76.9368682,North America,"Warrington, York, Pennsylvania, USA"
True,US,USA,43.3614989,0,,-70.4771132,North America,"Kennebunkport, York, Maine, USA"
True,US,USA,38.1944867,0,,-84.2046611,North America,"Bourbon, Kentucky, USA"
True,US,USA,40.3451668,0,,-75.1263909,North America,"Bucks, Pennsylvania, USA"
True,US,USA,39.5729428,0,,-75.9381806,North America,"St. Stephan's, Cecil, Maryland, USA"
True,US,USA,42.2591392,0,,-72.5751341,North America,"South Hadley, Hampshire, Massachusetts, USA"
True,US,USA,41.6535345,0,,-70.2823287,North America,"Hyannis, Barnstable, Massachusetts, USA"
True,US,USA,37.3705777,0,,-77.0605098,North America,"The Forest, Charles City, Virginia, USA"
True,US,USA,38.1153203,0,,-76.7567355,North America,"Monroe's Creek, Westmoreland, Virginia, USA"
True,US,USA,42.4484778,0,,-73.2541069,North America,"Pittsfield, Berkshire County, Massachusetts, USA"
True,US,USA,40.8709319,0,,-73.5109566,North America,"Oyster Bay Cove, Nassau, New York, USA"
True,US,USA,37.4443293,0,,-122.1598465,North America,"Palo Alto, Santa Clara, California, USA"
True,US,USA,42.2205956,0,,-71.0041229,North America,"Braintree, Norfolk, Massachusetts, USA"
